Date,Product_ID,Product_Name,Category,Warehouse,Stock_Level,Reorder_Level,Reorder_Quantity,Supplier,Lead_Time_Days,Unit_Cost,Unit_Price,Units_Sold,Units_Ordered,Delivery_Status
2025-02-18,P006,Sandals,Footwear,Joburg_WH,122,58,114,Supplier_A,10,120,300,47,0,Delivered
2025-03-09,P004,Jeans,Apparel,Joburg_WH,208,50,202,Supplier_B,9,200,500,23,0,Delivered
2025-02-10,P006,Sandals,Footwear,CapeTown_WH,107,65,203,Supplier_B,5,120,300,28,0,Delivered
2025-03-31,P003,Backpack,Accessories,Durban_WH,169,31,187,Supplier_B,8,150,350,48,0,Delivered
2025-03-17,P006,Sandals,Footwear,Durban_WH,211,50,260,Supplier_D,12,120,300,16,0,Delivered
2025-01-19,P001,T-Shirt,Apparel,Durban_WH,41,73,188,Supplier_D,12,50,120,31,108,Delivered
2025-01-06,P001,T-Shirt,Apparel,CapeTown_WH,207,45,114,Supplier_A,9,50,120,48,0,Pending
2025-02-04,P006,Sandals,Footwear,CapeTown_WH,263,32,150,Supplier_D,7,120,300,11,0,Delivered
2025-02-15,P004,Jeans,Apparel,CapeTown_WH,186,47,231,Supplier_A,4,200,500,29,0,Pending
2025-02-03,P002,Sneakers,Footwear,Durban_WH,284,55,152,Supplier_B,6,300,650,6,0,Delivered
2025-03-19,P004,Jeans,Apparel,CapeTown_WH,111,76,287,Supplier_B,10,200,500,11,0,Delivered
2025-03-18,P004,Jeans,Apparel,Durban_WH,54,43,180,Supplier_B,4,200,500,40,0,Delivered
2025-03-03,P002,Sneakers,Footwear,Durban_WH,21,35,153,Supplier_B,8,300,650,46,53,Pending
2025-02-09,P002,Sneakers,Footwear,Joburg_WH,210,47,143,Supplier_B,12,300,650,38,0,Pending
2025-02-04,P003,Backpack,Accessories,CapeTown_WH,289,60,147,Supplier_A,10,150,350,19,0,Delivered
2025-01-26,P006,Sandals,Footwear,Joburg_WH,234,69,181,Supplier_D,12,120,300,28,0,Delivered
2025-01-03,P005,Jacket,Apparel,CapeTown_WH,236,74,140,Supplier_A,3,400,900,33,0,Pending
2025-01-07,P001,T-Shirt,Apparel,Durban_WH,28,53,228,Supplier_D,10,50,120,48,185,Delivered
2025-03-30,P005,Jacket,Apparel,CapeTown_WH,82,40,180,Supplier_B,5,400,900,12,0,Delayed
2025-03-27,P004,Jeans,Apparel,CapeTown_WH,280,71,140,Supplier_B,9,200,500,32,0,Delivered
2025-01-19,P004,Jeans,Apparel,CapeTown_WH,220,37,111,Supplier_C,3,200,500,38,0,Delivered
2025-02-06,P001,T-Shirt,Apparel,Joburg_WH,67,52,161,Supplier_B,7,50,120,28,0,Pending
2025-03-19,P001,T-Shirt,Apparel,CapeTown_WH,118,73,203,Supplier_C,13,50,120,26,0,Delivered
2025-02-06,P002,Sneakers,Footwear,Durban_WH,54,30,200,Supplier_A,5,300,650,18,0,Delivered
2025-02-26,P003,Backpack,Accessories,Joburg_WH,276,34,241,Supplier_D,13,150,350,43,0,Pending
2025-02-24,P005,Jacket,Apparel,CapeTown_WH,226,44,189,Supplier_D,5,400,900,46,0,Delayed
2025-01-16,P006,Sandals,Footwear,Joburg_WH,82,61,151,Supplier_B,6,120,300,36,0,Delivered
2025-01-17,P006,Sandals,Footwear,Joburg_WH,241,66,250,Supplier_A,13,120,300,43,0,Delivered
2025-03-16,P002,Sneakers,Footwear,CapeTown_WH,48,65,112,Supplier_C,13,300,650,36,120,Delivered
2025-03-25,P003,Backpack,Accessories,Joburg_WH,262,51,127,Supplier_D,12,150,350,6,0,Delivered
2025-03-12,P003,Backpack,Accessories,Joburg_WH,64,35,127,Supplier_A,6,150,350,32,0,Delivered
2025-01-08,P006,Sandals,Footwear,Durban_WH,147,57,289,Supplier_C,3,120,300,37,0,Delayed
2025-01-04,P006,Sandals,Footwear,Durban_WH,140,42,102,Supplier_D,8,120,300,43,0,Pending
2025-01-09,P003,Backpack,Accessories,CapeTown_WH,156,66,150,Supplier_A,10,150,350,46,0,Delivered
2025-03-19,P001,T-Shirt,Apparel,CapeTown_WH,179,61,279,Supplier_C,9,50,120,16,0,Delivered
2025-01-27,P003,Backpack,Accessories,CapeTown_WH,132,66,212,Supplier_A,13,150,350,21,0,Delivered
2025-03-10,P006,Sandals,Footwear,Joburg_WH,132,31,229,Supplier_A,8,120,300,32,0,Pending
2025-03-12,P003,Backpack,Accessories,CapeTown_WH,243,62,228,Supplier_B,4,150,350,23,0,Delivered
2025-02-14,P006,Sandals,Footwear,CapeTown_WH,72,73,259,Supplier_B,9,120,300,10,117,Pending
2025-03-20,P003,Backpack,Accessories,Durban_WH,222,46,137,Supplier_B,7,150,350,28,0,Delivered
2025-03-19,P005,Jacket,Apparel,Durban_WH,117,35,238,Supplier_D,3,400,900,20,0,Pending
2025-01-04,P002,Sneakers,Footwear,CapeTown_WH,220,35,192,Supplier_A,6,300,650,7,0,Pending
2025-03-13,P006,Sandals,Footwear,Joburg_WH,271,65,246,Supplier_C,5,120,300,30,0,Delivered
2025-02-18,P004,Jeans,Apparel,Durban_WH,166,49,195,Supplier_B,6,200,500,11,0,Delivered
2025-01-16,P002,Sneakers,Footwear,Joburg_WH,147,68,181,Supplier_A,3,300,650,44,0,Delivered
2025-01-17,P004,Jeans,Apparel,Durban_WH,286,57,284,Supplier_D,4,200,500,29,0,Delivered
2025-02-06,P002,Sneakers,Footwear,Durban_WH,170,60,141,Supplier_B,9,300,650,39,0,Delivered
2025-02-24,P006,Sandals,Footwear,Joburg_WH,271,45,189,Supplier_B,3,120,300,6,0,Delivered
2025-01-13,P005,Jacket,Apparel,Joburg_WH,273,41,296,Supplier_D,13,400,900,41,0,Delivered
2025-01-31,P002,Sneakers,Footwear,Joburg_WH,28,70,198,Supplier_D,5,300,650,23,97,Delivered
2025-03-24,P006,Sandals,Footwear,Durban_WH,171,62,251,Supplier_B,3,120,300,15,0,Pending
2025-01-26,P002,Sneakers,Footwear,Durban_WH,123,49,211,Supplier_B,5,300,650,29,0,Delivered
2025-03-31,P005,Jacket,Apparel,CapeTown_WH,172,58,245,Supplier_D,4,400,900,22,0,Delivered
2025-03-13,P001,T-Shirt,Apparel,Durban_WH,182,45,288,Supplier_A,6,50,120,45,0,Delivered
2025-03-30,P006,Sandals,Footwear,Durban_WH,180,33,132,Supplier_C,7,120,300,18,0,Delivered
2025-03-23,P006,Sandals,Footwear,Durban_WH,154,32,244,Supplier_C,13,120,300,37,0,Delivered
2025-01-19,P001,T-Shirt,Apparel,CapeTown_WH,41,75,257,Supplier_B,5,50,120,42,158,Delivered
2025-02-21,P006,Sandals,Footwear,Durban_WH,283,56,126,Supplier_D,7,120,300,38,0,Pending
2025-01-25,P006,Sandals,Footwear,Joburg_WH,116,57,210,Supplier_C,7,120,300,37,0,Pending
2025-03-14,P003,Backpack,Accessories,Joburg_WH,166,33,134,Supplier_D,7,150,350,21,0,Pending
2025-03-05,P006,Sandals,Footwear,CapeTown_WH,25,64,223,Supplier_D,10,120,300,45,86,Delivered
2025-02-01,P002,Sneakers,Footwear,Durban_WH,200,60,198,Supplier_D,6,300,650,37,0,Delivered
2025-01-22,P001,T-Shirt,Apparel,CapeTown_WH,210,50,259,Supplier_A,3,50,120,27,0,Delivered
2025-02-18,P004,Jeans,Apparel,Durban_WH,275,32,227,Supplier_D,11,200,500,22,0,Delayed
2025-01-04,P004,Jeans,Apparel,Durban_WH,242,32,203,Supplier_C,4,200,500,28,0,Delivered
2025-01-27,P005,Jacket,Apparel,Joburg_WH,170,31,226,Supplier_C,12,400,900,31,0,Delivered
2025-03-26,P005,Jacket,Apparel,Durban_WH,292,69,260,Supplier_A,13,400,900,13,0,Delayed
2025-03-03,P003,Backpack,Accessories,CapeTown_WH,265,77,138,Supplier_B,12,150,350,33,0,Pending
2025-02-04,P005,Jacket,Apparel,CapeTown_WH,266,55,198,Supplier_D,10,400,900,29,0,Delivered
2025-03-07,P006,Sandals,Footwear,Joburg_WH,32,36,156,Supplier_B,3,120,300,40,69,Delivered
2025-01-31,P003,Backpack,Accessories,Durban_WH,283,75,243,Supplier_A,5,150,350,18,0,Delayed
2025-01-13,P006,Sandals,Footwear,Durban_WH,162,57,197,Supplier_A,9,120,300,6,0,Pending
2025-03-01,P001,T-Shirt,Apparel,CapeTown_WH,70,54,285,Supplier_B,12,50,120,26,0,Delivered
2025-03-04,P006,Sandals,Footwear,Durban_WH,77,51,148,Supplier_B,8,120,300,46,0,Pending
2025-03-16,P001,T-Shirt,Apparel,Durban_WH,290,72,287,Supplier_B,3,50,120,41,0,Pending
2025-02-13,P004,Jeans,Apparel,Joburg_WH,283,73,207,Supplier_B,9,200,500,9,0,Pending
2025-03-10,P001,T-Shirt,Apparel,Durban_WH,215,35,208,Supplier_A,6,50,120,36,0,Delivered
2025-03-25,P006,Sandals,Footwear,Durban_WH,66,64,154,Supplier_C,6,120,300,44,0,Pending
2025-02-11,P003,Backpack,Accessories,CapeTown_WH,163,42,213,Supplier_C,5,150,350,46,0,Delivered
2025-01-29,P004,Jeans,Apparel,Joburg_WH,164,48,191,Supplier_D,7,200,500,30,0,Pending
2025-03-17,P004,Jeans,Apparel,CapeTown_WH,136,52,226,Supplier_C,7,200,500,13,0,Delivered
2025-01-07,P005,Jacket,Apparel,Durban_WH,148,30,133,Supplier_D,8,400,900,36,0,Delivered
2025-03-14,P004,Jeans,Apparel,Durban_WH,67,54,216,Supplier_A,9,200,500,5,0,Delivered
2025-02-01,P003,Backpack,Accessories,Durban_WH,211,34,121,Supplier_C,9,150,350,33,0,Delivered
2025-02-05,P006,Sandals,Footwear,Joburg_WH,95,55,243,Supplier_B,8,120,300,41,0,Delivered
2025-03-14,P004,Jeans,Apparel,Joburg_WH,204,58,168,Supplier_B,6,200,500,34,0,Delivered
2025-02-18,P005,Jacket,Apparel,Joburg_WH,223,45,275,Supplier_D,9,400,900,25,0,Pending
2025-01-16,P003,Backpack,Accessories,Joburg_WH,119,62,200,Supplier_B,12,150,350,27,0,Delivered
2025-02-18,P006,Sandals,Footwear,CapeTown_WH,29,34,199,Supplier_C,12,120,300,38,187,Delivered
2025-01-30,P005,Jacket,Apparel,Durban_WH,166,61,100,Supplier_C,6,400,900,9,0,Delivered
2025-02-10,P001,T-Shirt,Apparel,CapeTown_WH,35,53,179,Supplier_C,13,50,120,6,177,Pending
2025-02-25,P006,Sandals,Footwear,Joburg_WH,171,41,277,Supplier_D,3,120,300,39,0,Pending
2025-01-29,P004,Jeans,Apparel,CapeTown_WH,198,72,200,Supplier_A,5,200,500,16,0,Delivered
2025-02-22,P003,Backpack,Accessories,Joburg_WH,84,62,267,Supplier_A,13,150,350,14,0,Delivered
2025-03-24,P004,Jeans,Apparel,Durban_WH,63,58,240,Supplier_D,4,200,500,16,0,Pending
2025-03-02,P004,Jeans,Apparel,Joburg_WH,272,79,134,Supplier_C,3,200,500,27,0,Pending
2025-02-19,P001,T-Shirt,Apparel,Durban_WH,109,37,192,Supplier_C,12,50,120,30,0,Delivered
2025-01-21,P001,T-Shirt,Apparel,Durban_WH,109,63,214,Supplier_A,9,50,120,45,0,Delivered
2025-03-12,P001,T-Shirt,Apparel,Durban_WH,215,79,174,Supplier_B,10,50,120,33,0,Delivered
2025-02-01,P006,Sandals,Footwear,CapeTown_WH,236,50,263,Supplier_C,7,120,300,14,0,Pending
2025-03-02,P004,Jeans,Apparel,Joburg_WH,211,64,276,Supplier_B,6,200,500,39,0,Pending
2025-01-22,P003,Backpack,Accessories,Joburg_WH,115,53,250,Supplier_A,7,150,350,36,0,Delayed
2025-02-15,P005,Jacket,Apparel,CapeTown_WH,287,78,282,Supplier_B,9,400,900,17,0,Delivered
2025-01-01,P004,Jeans,Apparel,CapeTown_WH,236,64,204,Supplier_A,3,200,500,34,0,Delivered
2025-02-09,P005,Jacket,Apparel,Joburg_WH,81,49,211,Supplier_B,8,400,900,29,0,Delivered
2025-02-26,P001,T-Shirt,Apparel,CapeTown_WH,206,48,276,Supplier_A,11,50,120,40,0,Pending
2025-02-27,P004,Jeans,Apparel,Joburg_WH,95,38,298,Supplier_B,6,200,500,32,0,Delivered
2025-03-24,P004,Jeans,Apparel,CapeTown_WH,163,34,198,Supplier_B,11,200,500,16,0,Pending
2025-02-11,P001,T-Shirt,Apparel,CapeTown_WH,72,52,243,Supplier_B,7,50,120,43,0,Delivered
2025-03-28,P005,Jacket,Apparel,CapeTown_WH,61,68,241,Supplier_C,7,400,900,35,171,Delivered
2025-03-04,P005,Jacket,Apparel,Durban_WH,182,52,174,Supplier_B,11,400,900,22,0,Delivered
2025-02-10,P003,Backpack,Accessories,Durban_WH,93,73,244,Supplier_A,9,150,350,42,0,Delivered
2025-03-10,P003,Backpack,Accessories,Joburg_WH,193,42,267,Supplier_A,11,150,350,46,0,Delivered
2025-01-10,P003,Backpack,Accessories,Durban_WH,141,31,104,Supplier_B,7,150,350,33,0,Delayed
2025-03-18,P005,Jacket,Apparel,CapeTown_WH,155,77,208,Supplier_C,8,400,900,5,0,Delayed
2025-01-06,P003,Backpack,Accessories,CapeTown_WH,164,36,144,Supplier_C,6,150,350,8,0,Delivered
2025-02-14,P003,Backpack,Accessories,Durban_WH,89,60,118,Supplier_B,8,150,350,48,0,Pending
2025-01-08,P004,Jeans,Apparel,CapeTown_WH,186,56,189,Supplier_D,9,200,500,23,0,Delivered
2025-03-29,P001,T-Shirt,Apparel,Joburg_WH,145,32,272,Supplier_D,4,50,120,17,0,Pending
2025-02-23,P005,Jacket,Apparel,CapeTown_WH,239,49,299,Supplier_B,9,400,900,45,0,Delivered
2025-01-21,P006,Sandals,Footwear,Joburg_WH,20,32,191,Supplier_D,3,120,300,29,105,Delivered
2025-03-25,P005,Jacket,Apparel,Joburg_WH,136,35,157,Supplier_C,7,400,900,48,0,Delivered
2025-01-24,P002,Sneakers,Footwear,Joburg_WH,99,50,263,Supplier_A,5,300,650,39,0,Delivered
2025-03-12,P005,Jacket,Apparel,CapeTown_WH,39,47,146,Supplier_D,3,400,900,45,98,Delivered
2025-02-27,P001,T-Shirt,Apparel,CapeTown_WH,73,32,243,Supplier_C,11,50,120,27,0,Delivered
2025-02-28,P003,Backpack,Accessories,Joburg_WH,31,39,115,Supplier_B,10,150,350,12,151,Pending
2025-01-18,P006,Sandals,Footwear,Durban_WH,175,37,221,Supplier_B,6,120,300,32,0,Pending
2025-01-19,P005,Jacket,Apparel,Joburg_WH,109,37,285,Supplier_A,7,400,900,32,0,Pending
2025-02-17,P005,Jacket,Apparel,CapeTown_WH,60,65,291,Supplier_D,11,400,900,31,194,Delayed
2025-01-17,P004,Jeans,Apparel,Joburg_WH,231,42,256,Supplier_C,5,200,500,17,0,Delivered
2025-01-13,P003,Backpack,Accessories,Durban_WH,272,35,181,Supplier_B,11,150,350,9,0,Pending
2025-02-01,P001,T-Shirt,Apparel,Joburg_WH,29,59,208,Supplier_C,10,50,120,9,168,Delivered
2025-01-01,P003,Backpack,Accessories,Joburg_WH,84,47,276,Supplier_D,7,150,350,15,0,Pending
2025-03-28,P001,T-Shirt,Apparel,Joburg_WH,82,54,185,Supplier_D,3,50,120,31,0,Delayed
2025-03-02,P006,Sandals,Footwear,Joburg_WH,117,70,198,Supplier_B,7,120,300,5,0,Delivered
2025-03-29,P005,Jacket,Apparel,CapeTown_WH,25,57,296,Supplier_A,8,400,900,35,182,Pending
2025-02-20,P001,T-Shirt,Apparel,CapeTown_WH,278,52,152,Supplier_B,12,50,120,41,0,Pending
2025-01-06,P004,Jeans,Apparel,Joburg_WH,102,46,184,Supplier_C,11,200,500,18,0,Delivered
2025-01-19,P003,Backpack,Accessories,Durban_WH,20,74,103,Supplier_C,10,150,350,5,162,Delivered
2025-03-05,P003,Backpack,Accessories,CapeTown_WH,53,57,194,Supplier_B,12,150,350,12,88,Pending
2025-01-07,P004,Jeans,Apparel,Joburg_WH,269,63,281,Supplier_D,13,200,500,7,0,Pending
2025-01-19,P004,Jeans,Apparel,CapeTown_WH,287,30,153,Supplier_D,7,200,500,48,0,Delivered
2025-01-17,P006,Sandals,Footwear,CapeTown_WH,241,46,211,Supplier_B,7,120,300,27,0,Delivered
2025-01-21,P006,Sandals,Footwear,CapeTown_WH,85,40,278,Supplier_D,8,120,300,43,0,Delivered
2025-01-19,P002,Sneakers,Footwear,Joburg_WH,211,63,137,Supplier_B,4,300,650,38,0,Pending
2025-01-20,P001,T-Shirt,Apparel,Joburg_WH,268,67,178,Supplier_A,9,50,120,34,0,Delivered
2025-02-20,P004,Jeans,Apparel,Durban_WH,125,46,232,Supplier_B,6,200,500,33,0,Delivered
2025-04-01,P005,Jacket,Apparel,Joburg_WH,157,46,173,Supplier_C,6,400,900,21,0,Pending
2025-01-18,P004,Jeans,Apparel,Joburg_WH,88,63,105,Supplier_A,13,200,500,6,0,Delayed
2025-03-06,P004,Jeans,Apparel,Joburg_WH,62,77,214,Supplier_C,13,200,500,27,129,Delivered
2025-03-30,P006,Sandals,Footwear,Joburg_WH,27,33,203,Supplier_A,5,120,300,8,74,Delivered
2025-02-15,P006,Sandals,Footwear,CapeTown_WH,214,56,192,Supplier_A,4,120,300,36,0,Delivered
2025-03-29,P005,Jacket,Apparel,CapeTown_WH,80,48,120,Supplier_A,4,400,900,9,0,Delivered
2025-01-10,P001,T-Shirt,Apparel,CapeTown_WH,111,71,160,Supplier_A,7,50,120,26,0,Delivered
2025-03-26,P001,T-Shirt,Apparel,Durban_WH,20,34,111,Supplier_B,4,50,120,30,95,Delivered
2025-03-05,P005,Jacket,Apparel,CapeTown_WH,97,55,144,Supplier_C,11,400,900,31,0,Pending
2025-03-12,P005,Jacket,Apparel,Joburg_WH,268,76,220,Supplier_D,10,400,900,26,0,Pending
2025-03-07,P006,Sandals,Footwear,Joburg_WH,126,77,160,Supplier_A,12,120,300,21,0,Delivered
2025-02-10,P006,Sandals,Footwear,Durban_WH,276,37,212,Supplier_D,6,120,300,39,0,Delivered
2025-03-17,P006,Sandals,Footwear,CapeTown_WH,226,76,226,Supplier_A,12,120,300,26,0,Pending
2025-03-06,P001,T-Shirt,Apparel,CapeTown_WH,47,52,177,Supplier_D,12,50,120,28,179,Delivered
2025-02-08,P002,Sneakers,Footwear,Durban_WH,33,36,102,Supplier_B,4,300,650,27,156,Pending
2025-02-28,P003,Backpack,Accessories,Joburg_WH,246,44,291,Supplier_C,9,150,350,29,0,Pending
2025-02-07,P001,T-Shirt,Apparel,Joburg_WH,47,39,138,Supplier_B,9,50,120,21,0,Delivered
2025-01-04,P003,Backpack,Accessories,CapeTown_WH,105,55,225,Supplier_D,11,150,350,48,0,Delivered
2025-03-30,P006,Sandals,Footwear,CapeTown_WH,164,42,124,Supplier_B,12,120,300,8,0,Delivered
2025-01-19,P006,Sandals,Footwear,Durban_WH,86,70,208,Supplier_C,6,120,300,22,0,Delivered
2025-02-15,P004,Jeans,Apparel,CapeTown_WH,130,51,133,Supplier_A,10,200,500,12,0,Delivered
2025-03-19,P003,Backpack,Accessories,Joburg_WH,255,48,141,Supplier_C,7,150,350,45,0,Delivered
2025-03-25,P004,Jeans,Apparel,Durban_WH,25,55,163,Supplier_D,8,200,500,38,108,Pending
2025-02-26,P004,Jeans,Apparel,Joburg_WH,248,62,280,Supplier_C,7,200,500,26,0,Pending
2025-02-04,P004,Jeans,Apparel,Durban_WH,217,35,211,Supplier_A,13,200,500,8,0,Delivered
2025-02-15,P003,Backpack,Accessories,Joburg_WH,114,53,154,Supplier_C,9,150,350,13,0,Pending
2025-01-01,P002,Sneakers,Footwear,Joburg_WH,262,60,139,Supplier_C,6,300,650,41,0,Delivered
2025-01-12,P003,Backpack,Accessories,CapeTown_WH,242,35,165,Supplier_C,13,150,350,24,0,Delivered
2025-01-16,P002,Sneakers,Footwear,Joburg_WH,23,44,233,Supplier_D,11,300,650,34,111,Delivered
2025-02-23,P001,T-Shirt,Apparel,CapeTown_WH,213,44,235,Supplier_C,5,50,120,30,0,Pending
2025-01-07,P001,T-Shirt,Apparel,Durban_WH,192,73,232,Supplier_B,12,50,120,10,0,Pending
2025-01-13,P005,Jacket,Apparel,Joburg_WH,137,33,118,Supplier_A,3,400,900,24,0,Pending
2025-01-13,P001,T-Shirt,Apparel,CapeTown_WH,39,78,239,Supplier_C,8,50,120,5,139,Pending
2025-03-03,P003,Backpack,Accessories,CapeTown_WH,158,65,176,Supplier_C,5,150,350,47,0,Pending
2025-03-30,P005,Jacket,Apparel,Joburg_WH,180,35,277,Supplier_C,7,400,900,14,0,Delivered
2025-02-17,P006,Sandals,Footwear,Joburg_WH,157,73,229,Supplier_B,10,120,300,17,0,Pending
2025-02-05,P001,T-Shirt,Apparel,CapeTown_WH,149,49,164,Supplier_A,11,50,120,41,0,Delayed
2025-03-18,P006,Sandals,Footwear,Durban_WH,292,38,242,Supplier_D,8,120,300,28,0,Pending
2025-04-01,P006,Sandals,Footwear,CapeTown_WH,113,60,148,Supplier_C,4,120,300,9,0,Pending
2025-02-25,P001,T-Shirt,Apparel,Durban_WH,156,63,175,Supplier_C,5,50,120,39,0,Delivered
2025-03-18,P003,Backpack,Accessories,CapeTown_WH,20,69,163,Supplier_A,10,150,350,26,109,Pending
2025-02-04,P006,Sandals,Footwear,Durban_WH,286,70,113,Supplier_B,5,120,300,34,0,Delivered
2025-01-26,P003,Backpack,Accessories,Durban_WH,232,66,104,Supplier_D,13,150,350,23,0,Delivered
2025-02-12,P001,T-Shirt,Apparel,Joburg_WH,97,55,161,Supplier_B,11,50,120,8,0,Pending
2025-03-11,P003,Backpack,Accessories,Durban_WH,256,71,188,Supplier_C,10,150,350,22,0,Pending
2025-01-15,P005,Jacket,Apparel,Durban_WH,123,43,131,Supplier_A,3,400,900,42,0,Pending
2025-01-06,P005,Jacket,Apparel,CapeTown_WH,42,44,252,Supplier_A,10,400,900,21,102,Delivered
2025-03-29,P004,Jeans,Apparel,Durban_WH,123,68,278,Supplier_A,8,200,500,10,0,Delayed
2025-03-07,P001,T-Shirt,Apparel,CapeTown_WH,86,36,278,Supplier_D,12,50,120,12,0,Pending
2025-03-12,P004,Jeans,Apparel,Durban_WH,34,76,256,Supplier_A,11,200,500,37,87,Delivered
2025-03-25,P004,Jeans,Apparel,CapeTown_WH,116,66,254,Supplier_A,6,200,500,37,0,Delivered
2025-01-20,P006,Sandals,Footwear,Joburg_WH,105,31,109,Supplier_D,13,120,300,9,0,Delayed
2025-03-26,P001,T-Shirt,Apparel,CapeTown_WH,137,67,240,Supplier_B,6,50,120,35,0,Pending
2025-02-25,P002,Sneakers,Footwear,CapeTown_WH,235,44,256,Supplier_B,7,300,650,12,0,Delivered
2025-02-18,P005,Jacket,Apparel,Joburg_WH,176,76,167,Supplier_A,4,400,900,16,0,Pending
2025-03-28,P005,Jacket,Apparel,CapeTown_WH,114,65,135,Supplier_D,13,400,900,30,0,Delayed
2025-03-11,P004,Jeans,Apparel,Durban_WH,88,49,110,Supplier_C,10,200,500,14,0,Delivered
2025-02-13,P003,Backpack,Accessories,Durban_WH,57,35,299,Supplier_B,12,150,350,27,0,Delayed
2025-01-29,P006,Sandals,Footwear,Durban_WH,237,42,203,Supplier_A,11,120,300,22,0,Delivered
2025-03-21,P006,Sandals,Footwear,Durban_WH,130,69,159,Supplier_B,6,120,300,47,0,Pending
2025-02-26,P003,Backpack,Accessories,CapeTown_WH,152,66,171,Supplier_A,3,150,350,46,0,Delayed
2025-02-19,P003,Backpack,Accessories,CapeTown_WH,111,60,221,Supplier_D,8,150,350,13,0,Pending
2025-01-15,P002,Sneakers,Footwear,CapeTown_WH,70,58,139,Supplier_A,8,300,650,45,0,Delivered
2025-02-13,P006,Sandals,Footwear,CapeTown_WH,286,52,100,Supplier_A,7,120,300,41,0,Delivered
2025-03-23,P006,Sandals,Footwear,CapeTown_WH,129,65,281,Supplier_D,11,120,300,27,0,Delivered
2025-01-22,P003,Backpack,Accessories,CapeTown_WH,20,69,242,Supplier_B,11,150,350,25,102,Pending
2025-03-12,P001,T-Shirt,Apparel,Durban_WH,221,55,268,Supplier_A,6,50,120,39,0,Pending
2025-02-10,P001,T-Shirt,Apparel,Durban_WH,44,55,174,Supplier_B,9,50,120,42,179,Delivered
2025-01-05,P005,Jacket,Apparel,Joburg_WH,229,56,261,Supplier_C,3,400,900,31,0,Delivered
2025-01-06,P004,Jeans,Apparel,Joburg_WH,147,72,286,Supplier_C,13,200,500,48,0,Delivered
2025-01-07,P006,Sandals,Footwear,CapeTown_WH,198,53,124,Supplier_D,6,120,300,11,0,Pending
2025-01-30,P003,Backpack,Accessories,CapeTown_WH,217,53,260,Supplier_A,13,150,350,33,0,Delivered
2025-03-15,P004,Jeans,Apparel,CapeTown_WH,169,55,255,Supplier_B,3,200,500,25,0,Delivered
2025-01-08,P005,Jacket,Apparel,Joburg_WH,103,70,276,Supplier_A,8,400,900,24,0,Pending
2025-03-12,P001,T-Shirt,Apparel,Joburg_WH,82,69,148,Supplier_A,3,50,120,11,0,Delivered
2025-01-10,P004,Jeans,Apparel,CapeTown_WH,243,42,278,Supplier_D,3,200,500,23,0,Delayed
2025-01-17,P004,Jeans,Apparel,CapeTown_WH,163,69,118,Supplier_D,3,200,500,22,0,Delivered
2025-03-11,P002,Sneakers,Footwear,CapeTown_WH,97,76,293,Supplier_B,3,300,650,32,0,Delivered
2025-03-11,P003,Backpack,Accessories,Durban_WH,133,59,265,Supplier_D,3,150,350,8,0,Delivered
2025-01-15,P004,Jeans,Apparel,CapeTown_WH,283,58,154,Supplier_A,5,200,500,43,0,Pending
2025-01-28,P002,Sneakers,Footwear,CapeTown_WH,285,39,209,Supplier_A,3,300,650,38,0,Pending
2025-02-14,P001,T-Shirt,Apparel,CapeTown_WH,106,57,131,Supplier_A,10,50,120,11,0,Delivered
2025-03-02,P002,Sneakers,Footwear,Durban_WH,266,32,286,Supplier_C,8,300,650,12,0,Pending
2025-02-08,P003,Backpack,Accessories,CapeTown_WH,268,76,166,Supplier_B,10,150,350,37,0,Delivered
2025-03-29,P004,Jeans,Apparel,Durban_WH,115,53,177,Supplier_B,10,200,500,36,0,Delivered
2025-01-02,P004,Jeans,Apparel,Durban_WH,184,50,241,Supplier_B,9,200,500,35,0,Delivered
2025-02-23,P006,Sandals,Footwear,Durban_WH,26,39,106,Supplier_A,5,120,300,37,134,Pending
2025-02-16,P006,Sandals,Footwear,CapeTown_WH,131,48,135,Supplier_D,4,120,300,33,0,Delivered
2025-01-04,P006,Sandals,Footwear,CapeTown_WH,21,30,146,Supplier_A,13,120,300,9,197,Delivered
2025-01-15,P001,T-Shirt,Apparel,Joburg_WH,253,31,294,Supplier_A,9,50,120,27,0,Pending
2025-01-11,P002,Sneakers,Footwear,CapeTown_WH,39,34,136,Supplier_A,11,300,650,42,0,Delivered
2025-02-17,P001,T-Shirt,Apparel,CapeTown_WH,245,73,198,Supplier_C,10,50,120,26,0,Delivered
2025-02-27,P004,Jeans,Apparel,Durban_WH,100,39,257,Supplier_D,3,200,500,27,0,Delivered
2025-03-12,P001,T-Shirt,Apparel,Joburg_WH,134,46,113,Supplier_C,10,50,120,13,0,Delivered
2025-03-17,P003,Backpack,Accessories,CapeTown_WH,256,54,202,Supplier_A,8,150,350,13,0,Pending
2025-02-21,P001,T-Shirt,Apparel,Durban_WH,297,72,103,Supplier_C,12,50,120,30,0,Delivered
2025-03-17,P004,Jeans,Apparel,Joburg_WH,48,74,197,Supplier_B,13,200,500,27,86,Delivered
2025-03-01,P002,Sneakers,Footwear,CapeTown_WH,165,50,141,Supplier_C,11,300,650,40,0,Delivered
2025-02-18,P002,Sneakers,Footwear,Joburg_WH,53,46,264,Supplier_D,8,300,650,29,0,Delayed
2025-02-06,P004,Jeans,Apparel,CapeTown_WH,95,52,216,Supplier_C,8,200,500,46,0,Pending
2025-03-07,P004,Jeans,Apparel,Joburg_WH,46,60,233,Supplier_A,11,200,500,31,147,Delivered
2025-01-11,P001,T-Shirt,Apparel,Joburg_WH,192,46,253,Supplier_B,12,50,120,25,0,Delivered
2025-01-21,P004,Jeans,Apparel,CapeTown_WH,65,31,153,Supplier_D,3,200,500,47,0,Delivered
2025-02-11,P004,Jeans,Apparel,Joburg_WH,200,65,214,Supplier_D,7,200,500,30,0,Delivered
2025-03-03,P002,Sneakers,Footwear,Durban_WH,286,69,110,Supplier_B,3,300,650,40,0,Pending
2025-03-15,P005,Jacket,Apparel,Durban_WH,206,68,153,Supplier_A,9,400,900,38,0,Delayed
2025-03-29,P001,T-Shirt,Apparel,CapeTown_WH,130,53,249,Supplier_D,10,50,120,9,0,Delivered
2025-01-16,P005,Jacket,Apparel,Joburg_WH,269,65,247,Supplier_D,5,400,900,23,0,Pending
2025-02-17,P003,Backpack,Accessories,CapeTown_WH,263,72,180,Supplier_D,13,150,350,49,0,Delivered
2025-03-06,P004,Jeans,Apparel,Durban_WH,220,55,293,Supplier_D,11,200,500,13,0,Delivered
2025-02-28,P003,Backpack,Accessories,Joburg_WH,36,30,160,Supplier_C,10,150,350,47,0,Delivered
2025-01-03,P002,Sneakers,Footwear,Joburg_WH,61,54,138,Supplier_A,5,300,650,39,0,Pending
2025-01-28,P002,Sneakers,Footwear,CapeTown_WH,248,73,271,Supplier_B,8,300,650,34,0,Delivered
2025-01-30,P005,Jacket,Apparel,Joburg_WH,31,48,200,Supplier_B,3,400,900,48,98,Delivered
2025-03-04,P001,T-Shirt,Apparel,CapeTown_WH,76,78,146,Supplier_C,10,50,120,16,111,Delivered
2025-01-22,P006,Sandals,Footwear,CapeTown_WH,283,60,248,Supplier_C,9,120,300,21,0,Pending
2025-01-29,P004,Jeans,Apparel,CapeTown_WH,217,37,124,Supplier_D,11,200,500,22,0,Pending
2025-03-08,P006,Sandals,Footwear,Durban_WH,287,44,158,Supplier_A,11,120,300,30,0,Delivered
2025-03-19,P003,Backpack,Accessories,CapeTown_WH,45,76,131,Supplier_A,9,150,350,14,65,Delayed
2025-02-24,P004,Jeans,Apparel,Joburg_WH,105,36,113,Supplier_B,7,200,500,19,0,Pending
2025-01-02,P003,Backpack,Accessories,Joburg_WH,26,38,214,Supplier_A,9,150,350,12,108,Pending
2025-01-08,P003,Backpack,Accessories,CapeTown_WH,101,60,215,Supplier_A,5,150,350,43,0,Delivered
2025-02-06,P006,Sandals,Footwear,Durban_WH,122,46,113,Supplier_C,10,120,300,35,0,Delivered
2025-03-24,P002,Sneakers,Footwear,CapeTown_WH,127,74,197,Supplier_C,7,300,650,7,0,Delivered
2025-02-21,P001,T-Shirt,Apparel,Durban_WH,190,69,282,Supplier_C,9,50,120,27,0,Delivered
2025-03-08,P002,Sneakers,Footwear,CapeTown_WH,34,78,103,Supplier_D,4,300,650,33,190,Delivered
2025-01-27,P005,Jacket,Apparel,Durban_WH,180,45,269,Supplier_A,4,400,900,48,0,Delivered
2025-02-23,P006,Sandals,Footwear,Durban_WH,246,71,133,Supplier_A,13,120,300,34,0,Delivered
2025-01-19,P004,Jeans,Apparel,Durban_WH,266,42,240,Supplier_B,5,200,500,22,0,Pending
2025-01-18,P001,T-Shirt,Apparel,Joburg_WH,58,75,128,Supplier_B,7,50,120,33,111,Delivered
2025-02-19,P002,Sneakers,Footwear,Joburg_WH,255,45,283,Supplier_B,11,300,650,48,0,Delivered
2025-03-21,P003,Backpack,Accessories,Durban_WH,285,59,252,Supplier_B,6,150,350,43,0,Delivered
2025-03-21,P002,Sneakers,Footwear,Durban_WH,84,59,276,Supplier_B,10,300,650,7,0,Delivered
2025-03-26,P004,Jeans,Apparel,Durban_WH,177,79,167,Supplier_B,7,200,500,22,0,Pending
2025-01-28,P004,Jeans,Apparel,CapeTown_WH,172,77,292,Supplier_A,11,200,500,19,0,Delivered
2025-02-01,P002,Sneakers,Footwear,CapeTown_WH,159,66,160,Supplier_D,13,300,650,41,0,Delivered
2025-02-27,P004,Jeans,Apparel,CapeTown_WH,217,68,283,Supplier_A,13,200,500,28,0,Delivered
2025-02-17,P003,Backpack,Accessories,CapeTown_WH,81,42,252,Supplier_B,6,150,350,11,0,Delivered
2025-03-14,P003,Backpack,Accessories,Joburg_WH,279,37,247,Supplier_A,8,150,350,33,0,Pending
2025-03-25,P005,Jacket,Apparel,CapeTown_WH,262,74,209,Supplier_B,13,400,900,14,0,Delivered
2025-02-24,P001,T-Shirt,Apparel,Joburg_WH,245,55,268,Supplier_D,10,50,120,7,0,Pending
2025-01-29,P001,T-Shirt,Apparel,Durban_WH,281,34,104,Supplier_A,3,50,120,27,0,Delivered
2025-01-03,P001,T-Shirt,Apparel,Joburg_WH,28,64,119,Supplier_B,3,50,120,46,131,Delivered
2025-01-30,P001,T-Shirt,Apparel,CapeTown_WH,235,32,259,Supplier_A,8,50,120,39,0,Pending
2025-03-21,P006,Sandals,Footwear,Durban_WH,288,76,188,Supplier_B,6,120,300,13,0,Delivered
2025-04-01,P003,Backpack,Accessories,Durban_WH,117,40,204,Supplier_C,13,150,350,7,0,Delivered
2025-01-24,P001,T-Shirt,Apparel,Joburg_WH,48,38,294,Supplier_C,4,50,120,29,0,Delivered
2025-01-15,P004,Jeans,Apparel,Durban_WH,189,38,139,Supplier_B,7,200,500,29,0,Delivered
2025-02-03,P002,Sneakers,Footwear,Joburg_WH,245,53,223,Supplier_A,8,300,650,19,0,Delivered
2025-03-17,P001,T-Shirt,Apparel,CapeTown_WH,270,34,275,Supplier_A,4,50,120,30,0,Pending
2025-01-25,P003,Backpack,Accessories,Durban_WH,56,77,127,Supplier_C,4,150,350,9,130,Delivered
2025-02-05,P002,Sneakers,Footwear,CapeTown_WH,59,74,161,Supplier_C,12,300,650,33,164,Delivered
2025-01-04,P003,Backpack,Accessories,CapeTown_WH,75,69,197,Supplier_B,13,150,350,44,0,Delivered
2025-02-25,P006,Sandals,Footwear,CapeTown_WH,256,62,105,Supplier_D,5,120,300,28,0,Delivered
2025-02-04,P005,Jacket,Apparel,CapeTown_WH,187,57,196,Supplier_B,13,400,900,45,0,Delivered
2025-03-20,P006,Sandals,Footwear,Durban_WH,64,54,280,Supplier_C,6,120,300,46,0,Delivered
2025-01-09,P001,T-Shirt,Apparel,CapeTown_WH,210,56,265,Supplier_C,7,50,120,11,0,Delivered
2025-01-03,P004,Jeans,Apparel,Joburg_WH,254,74,157,Supplier_C,9,200,500,35,0,Pending
2025-03-09,P005,Jacket,Apparel,Joburg_WH,179,72,280,Supplier_D,9,400,900,34,0,Pending
2025-03-10,P001,T-Shirt,Apparel,Joburg_WH,101,65,101,Supplier_D,9,50,120,18,0,Pending
2025-03-08,P004,Jeans,Apparel,CapeTown_WH,243,42,145,Supplier_C,3,200,500,31,0,Pending
2025-03-05,P003,Backpack,Accessories,CapeTown_WH,252,46,203,Supplier_D,4,150,350,35,0,Delivered
2025-02-12,P005,Jacket,Apparel,Durban_WH,207,53,208,Supplier_A,8,400,900,39,0,Delivered
2025-02-21,P006,Sandals,Footwear,CapeTown_WH,93,70,162,Supplier_B,7,120,300,32,0,Pending
2025-02-09,P005,Jacket,Apparel,CapeTown_WH,297,33,247,Supplier_D,6,400,900,36,0,Pending
2025-03-21,P002,Sneakers,Footwear,CapeTown_WH,261,33,291,Supplier_D,8,300,650,21,0,Delivered
2025-01-28,P001,T-Shirt,Apparel,Durban_WH,212,51,219,Supplier_A,4,50,120,22,0,Delivered
2025-02-13,P001,T-Shirt,Apparel,Durban_WH,289,76,128,Supplier_D,6,50,120,16,0,Delivered
2025-01-19,P005,Jacket,Apparel,CapeTown_WH,270,64,279,Supplier_B,9,400,900,16,0,Delayed
2025-02-23,P003,Backpack,Accessories,Durban_WH,48,40,132,Supplier_C,5,150,350,10,0,Delivered
2025-01-14,P001,T-Shirt,Apparel,Joburg_WH,77,52,125,Supplier_D,4,50,120,38,0,Delivered
2025-03-04,P005,Jacket,Apparel,Joburg_WH,23,46,198,Supplier_B,9,400,900,17,88,Delivered
2025-01-05,P001,T-Shirt,Apparel,Joburg_WH,176,40,215,Supplier_B,4,50,120,36,0,Delivered
2025-03-04,P005,Jacket,Apparel,Joburg_WH,194,43,183,Supplier_C,13,400,900,26,0,Delivered
2025-03-11,P002,Sneakers,Footwear,Joburg_WH,46,32,180,Supplier_D,10,300,650,48,0,Delayed
2025-03-09,P006,Sandals,Footwear,Durban_WH,111,58,120,Supplier_B,7,120,300,20,0,Delivered
2025-01-16,P006,Sandals,Footwear,Joburg_WH,103,35,246,Supplier_A,5,120,300,9,0,Pending
2025-01-04,P005,Jacket,Apparel,Joburg_WH,276,67,114,Supplier_A,5,400,900,38,0,Delivered
2025-02-21,P003,Backpack,Accessories,CapeTown_WH,299,41,117,Supplier_D,13,150,350,19,0,Delivered
2025-02-01,P004,Jeans,Apparel,CapeTown_WH,91,75,244,Supplier_C,7,200,500,33,0,Delayed
2025-01-30,P001,T-Shirt,Apparel,Durban_WH,27,44,126,Supplier_B,7,50,120,11,180,Pending
2025-01-11,P004,Jeans,Apparel,Durban_WH,43,32,247,Supplier_B,11,200,500,19,0,Delivered
2025-03-16,P006,Sandals,Footwear,Joburg_WH,241,43,298,Supplier_B,6,120,300,21,0,Delivered
2025-01-15,P005,Jacket,Apparel,Joburg_WH,247,38,265,Supplier_D,8,400,900,26,0,Delivered
2025-02-19,P005,Jacket,Apparel,CapeTown_WH,136,31,187,Supplier_A,13,400,900,12,0,Pending
2025-02-12,P003,Backpack,Accessories,CapeTown_WH,83,42,171,Supplier_C,4,150,350,25,0,Delivered
2025-03-10,P004,Jeans,Apparel,CapeTown_WH,114,67,131,Supplier_D,11,200,500,15,0,Pending
2025-03-22,P001,T-Shirt,Apparel,Joburg_WH,121,70,235,Supplier_C,8,50,120,15,0,Pending
2025-03-29,P002,Sneakers,Footwear,Joburg_WH,198,53,140,Supplier_B,11,300,650,21,0,Pending
2025-03-24,P004,Jeans,Apparel,CapeTown_WH,65,61,179,Supplier_C,6,200,500,26,0,Pending
2025-02-18,P006,Sandals,Footwear,Durban_WH,180,39,267,Supplier_A,4,120,300,36,0,Delivered
2025-02-03,P004,Jeans,Apparel,Joburg_WH,21,62,132,Supplier_D,6,200,500,45,126,Pending
2025-01-18,P003,Backpack,Accessories,Durban_WH,173,51,202,Supplier_A,8,150,350,6,0,Delivered
2025-01-23,P001,T-Shirt,Apparel,Durban_WH,109,75,221,Supplier_B,4,50,120,19,0,Delivered
2025-02-10,P001,T-Shirt,Apparel,Durban_WH,125,73,148,Supplier_C,13,50,120,44,0,Delivered
2025-03-28,P004,Jeans,Apparel,Joburg_WH,142,35,108,Supplier_C,11,200,500,10,0,Delivered
2025-01-30,P004,Jeans,Apparel,Joburg_WH,242,61,140,Supplier_D,10,200,500,16,0,Delayed
2025-02-19,P006,Sandals,Footwear,CapeTown_WH,197,57,161,Supplier_B,13,120,300,24,0,Delivered
2025-02-26,P006,Sandals,Footwear,CapeTown_WH,26,40,183,Supplier_B,8,120,300,20,181,Pending
2025-01-24,P005,Jacket,Apparel,Durban_WH,41,55,226,Supplier_B,11,400,900,7,176,Pending
2025-02-15,P006,Sandals,Footwear,CapeTown_WH,207,71,113,Supplier_D,4,120,300,15,0,Delivered
2025-02-07,P003,Backpack,Accessories,Durban_WH,31,52,111,Supplier_C,5,150,350,17,74,Delivered
2025-02-20,P001,T-Shirt,Apparel,Joburg_WH,141,48,154,Supplier_B,10,50,120,40,0,Delivered
2025-01-30,P006,Sandals,Footwear,Durban_WH,240,61,150,Supplier_A,4,120,300,48,0,Delivered
2025-01-10,P002,Sneakers,Footwear,CapeTown_WH,230,51,136,Supplier_B,10,300,650,36,0,Delayed
2025-02-22,P005,Jacket,Apparel,CapeTown_WH,78,32,255,Supplier_A,5,400,900,14,0,Delivered
2025-03-09,P004,Jeans,Apparel,Durban_WH,54,58,281,Supplier_B,9,200,500,19,146,Delayed
2025-02-16,P005,Jacket,Apparel,Durban_WH,232,60,285,Supplier_D,6,400,900,28,0,Delivered
2025-02-12,P001,T-Shirt,Apparel,CapeTown_WH,23,57,207,Supplier_D,3,50,120,24,99,Delivered
2025-01-29,P002,Sneakers,Footwear,Durban_WH,115,70,263,Supplier_C,6,300,650,38,0,Delayed
2025-04-01,P006,Sandals,Footwear,CapeTown_WH,85,44,261,Supplier_B,8,120,300,40,0,Delivered
2025-02-08,P004,Jeans,Apparel,Durban_WH,262,41,230,Supplier_D,4,200,500,49,0,Delivered
2025-01-31,P003,Backpack,Accessories,Durban_WH,59,50,242,Supplier_C,5,150,350,37,0,Delivered
2025-02-04,P004,Jeans,Apparel,Durban_WH,27,65,186,Supplier_B,4,200,500,46,63,Pending
2025-02-19,P004,Jeans,Apparel,Joburg_WH,60,76,113,Supplier_D,4,200,500,43,133,Pending
2025-02-01,P002,Sneakers,Footwear,Durban_WH,250,35,244,Supplier_C,11,300,650,29,0,Delivered
2025-01-11,P002,Sneakers,Footwear,Joburg_WH,47,31,262,Supplier_C,7,300,650,41,0,Delivered
2025-03-27,P006,Sandals,Footwear,CapeTown_WH,183,74,250,Supplier_A,13,120,300,35,0,Delivered
2025-01-17,P003,Backpack,Accessories,Joburg_WH,29,32,217,Supplier_C,12,150,350,18,129,Pending
2025-01-16,P003,Backpack,Accessories,Durban_WH,112,39,175,Supplier_D,11,150,350,34,0,Delivered
2025-03-13,P003,Backpack,Accessories,Durban_WH,276,34,119,Supplier_B,13,150,350,12,0,Delivered
2025-02-05,P006,Sandals,Footwear,Durban_WH,20,49,127,Supplier_C,3,120,300,47,98,Delivered
2025-02-03,P005,Jacket,Apparel,CapeTown_WH,139,73,155,Supplier_A,8,400,900,32,0,Delivered
2025-02-24,P001,T-Shirt,Apparel,Durban_WH,127,49,213,Supplier_A,4,50,120,18,0,Delivered
2025-02-03,P004,Jeans,Apparel,Durban_WH,39,55,128,Supplier_B,5,200,500,5,168,Delivered
2025-02-20,P005,Jacket,Apparel,Joburg_WH,217,66,158,Supplier_B,3,400,900,9,0,Delayed
2025-03-18,P005,Jacket,Apparel,Durban_WH,198,43,111,Supplier_B,6,400,900,46,0,Delivered
2025-03-04,P006,Sandals,Footwear,Joburg_WH,200,79,142,Supplier_A,11,120,300,38,0,Pending
2025-03-30,P004,Jeans,Apparel,Durban_WH,204,68,283,Supplier_B,4,200,500,47,0,Pending
2025-02-01,P001,T-Shirt,Apparel,CapeTown_WH,170,74,151,Supplier_B,4,50,120,20,0,Pending
2025-01-15,P003,Backpack,Accessories,CapeTown_WH,253,37,184,Supplier_B,9,150,350,5,0,Pending
2025-02-04,P006,Sandals,Footwear,Durban_WH,283,58,195,Supplier_B,7,120,300,42,0,Delayed
2025-02-22,P002,Sneakers,Footwear,Durban_WH,105,76,133,Supplier_C,9,300,650,5,0,Delivered
2025-02-05,P002,Sneakers,Footwear,CapeTown_WH,138,55,270,Supplier_B,4,300,650,14,0,Pending
2025-03-30,P001,T-Shirt,Apparel,Durban_WH,164,55,235,Supplier_C,3,50,120,44,0,Delivered
2025-03-01,P006,Sandals,Footwear,Joburg_WH,95,56,171,Supplier_B,6,120,300,29,0,Pending
2025-01-02,P004,Jeans,Apparel,Durban_WH,20,48,130,Supplier_C,7,200,500,20,191,Delivered
2025-02-08,P003,Backpack,Accessories,Durban_WH,88,70,189,Supplier_D,4,150,350,32,0,Pending
2025-03-03,P006,Sandals,Footwear,Durban_WH,211,35,162,Supplier_A,3,120,300,13,0,Delivered
2025-02-24,P001,T-Shirt,Apparel,Durban_WH,188,54,275,Supplier_C,11,50,120,17,0,Delivered
2025-01-17,P004,Jeans,Apparel,Joburg_WH,264,42,258,Supplier_D,13,200,500,45,0,Pending
2025-02-06,P005,Jacket,Apparel,Durban_WH,117,67,231,Supplier_D,5,400,900,42,0,Delivered
2025-01-06,P001,T-Shirt,Apparel,Durban_WH,101,42,122,Supplier_A,13,50,120,23,0,Delayed
2025-03-01,P003,Backpack,Accessories,Durban_WH,148,53,153,Supplier_B,11,150,350,11,0,Delayed
2025-01-14,P006,Sandals,Footwear,Joburg_WH,232,44,164,Supplier_A,12,120,300,16,0,Delivered
2025-03-01,P005,Jacket,Apparel,Joburg_WH,218,44,248,Supplier_D,11,400,900,23,0,Delivered
2025-01-31,P006,Sandals,Footwear,CapeTown_WH,243,78,134,Supplier_C,8,120,300,48,0,Pending
2025-01-03,P005,Jacket,Apparel,CapeTown_WH,286,64,299,Supplier_D,12,400,900,18,0,Delivered
2025-02-26,P006,Sandals,Footwear,CapeTown_WH,284,32,184,Supplier_C,10,120,300,30,0,Pending
2025-01-23,P006,Sandals,Footwear,Joburg_WH,136,58,253,Supplier_A,7,120,300,29,0,Delivered
2025-01-15,P004,Jeans,Apparel,Joburg_WH,247,44,142,Supplier_C,8,200,500,27,0,Pending
2025-01-10,P002,Sneakers,Footwear,Durban_WH,40,52,206,Supplier_A,7,300,650,20,96,Delivered
2025-02-09,P003,Backpack,Accessories,CapeTown_WH,143,44,124,Supplier_D,13,150,350,40,0,Delivered
2025-03-06,P001,T-Shirt,Apparel,CapeTown_WH,70,44,167,Supplier_B,8,50,120,25,0,Pending
2025-02-23,P005,Jacket,Apparel,CapeTown_WH,294,63,177,Supplier_A,7,400,900,8,0,Pending
2025-02-16,P005,Jacket,Apparel,Durban_WH,71,75,126,Supplier_C,10,400,900,33,84,Delivered
2025-01-16,P005,Jacket,Apparel,Durban_WH,163,71,263,Supplier_B,4,400,900,34,0,Delivered
2025-02-04,P001,T-Shirt,Apparel,Joburg_WH,21,78,176,Supplier_C,11,50,120,8,139,Delivered
2025-02-01,P006,Sandals,Footwear,Joburg_WH,282,60,207,Supplier_B,9,120,300,14,0,Delivered
2025-02-10,P001,T-Shirt,Apparel,Joburg_WH,178,36,290,Supplier_A,12,50,120,46,0,Delivered
2025-03-28,P006,Sandals,Footwear,CapeTown_WH,55,49,295,Supplier_A,8,120,300,11,0,Pending
2025-01-29,P005,Jacket,Apparel,Joburg_WH,191,74,205,Supplier_C,9,400,900,17,0,Pending
2025-01-07,P002,Sneakers,Footwear,CapeTown_WH,137,50,236,Supplier_A,11,300,650,30,0,Delivered
2025-02-01,P001,T-Shirt,Apparel,Joburg_WH,290,39,221,Supplier_A,10,50,120,46,0,Delivered
2025-02-07,P001,T-Shirt,Apparel,CapeTown_WH,171,45,148,Supplier_C,13,50,120,30,0,Pending
2025-03-26,P003,Backpack,Accessories,CapeTown_WH,87,79,251,Supplier_A,6,150,350,23,0,Delivered
2025-03-27,P004,Jeans,Apparel,CapeTown_WH,79,68,188,Supplier_A,5,200,500,22,0,Delivered
2025-03-25,P002,Sneakers,Footwear,CapeTown_WH,183,39,282,Supplier_D,3,300,650,9,0,Pending
2025-03-07,P006,Sandals,Footwear,Joburg_WH,127,63,260,Supplier_A,3,120,300,25,0,Delivered
2025-02-26,P005,Jacket,Apparel,Durban_WH,169,77,136,Supplier_B,5,400,900,19,0,Delivered
2025-02-28,P003,Backpack,Accessories,CapeTown_WH,179,40,237,Supplier_A,11,150,350,13,0,Delayed
2025-01-20,P006,Sandals,Footwear,Durban_WH,273,54,101,Supplier_B,9,120,300,39,0,Pending
2025-03-20,P006,Sandals,Footwear,Joburg_WH,104,47,166,Supplier_D,8,120,300,46,0,Delivered
2025-01-09,P004,Jeans,Apparel,Joburg_WH,144,68,268,Supplier_D,9,200,500,15,0,Delivered
2025-03-09,P001,T-Shirt,Apparel,Joburg_WH,299,75,118,Supplier_A,12,50,120,8,0,Pending
2025-01-20,P004,Jeans,Apparel,Durban_WH,121,71,131,Supplier_B,6,200,500,43,0,Delivered
2025-01-07,P005,Jacket,Apparel,Joburg_WH,251,66,196,Supplier_C,5,400,900,40,0,Delivered
2025-02-03,P004,Jeans,Apparel,CapeTown_WH,92,37,196,Supplier_D,11,200,500,10,0,Pending
2025-03-26,P004,Jeans,Apparel,CapeTown_WH,215,42,148,Supplier_D,7,200,500,6,0,Delivered
2025-02-03,P001,T-Shirt,Apparel,Durban_WH,46,61,248,Supplier_D,5,50,120,12,99,Delivered
2025-03-12,P003,Backpack,Accessories,Joburg_WH,77,32,185,Supplier_B,4,150,350,10,0,Delayed
2025-01-22,P001,T-Shirt,Apparel,CapeTown_WH,234,73,101,Supplier_A,3,50,120,42,0,Delivered
2025-01-18,P002,Sneakers,Footwear,Joburg_WH,135,37,249,Supplier_A,12,300,650,48,0,Delayed
2025-01-25,P001,T-Shirt,Apparel,CapeTown_WH,55,34,176,Supplier_A,11,50,120,33,0,Pending
2025-01-02,P004,Jeans,Apparel,Durban_WH,227,71,289,Supplier_C,11,200,500,34,0,Delivered
2025-02-28,P006,Sandals,Footwear,Joburg_WH,74,45,111,Supplier_D,10,120,300,21,0,Delivered
2025-02-28,P004,Jeans,Apparel,CapeTown_WH,22,45,129,Supplier_A,5,200,500,49,72,Pending
2025-02-06,P002,Sneakers,Footwear,Joburg_WH,123,34,203,Supplier_C,3,300,650,48,0,Pending
2025-02-07,P006,Sandals,Footwear,Durban_WH,140,59,248,Supplier_B,8,120,300,24,0,Delivered
2025-02-05,P002,Sneakers,Footwear,Durban_WH,250,61,260,Supplier_B,8,300,650,20,0,Delivered
2025-03-31,P002,Sneakers,Footwear,Joburg_WH,245,43,135,Supplier_A,9,300,650,37,0,Delivered
2025-04-01,P004,Jeans,Apparel,Durban_WH,133,74,165,Supplier_A,7,200,500,45,0,Pending
2025-02-16,P001,T-Shirt,Apparel,Durban_WH,277,56,292,Supplier_D,5,50,120,15,0,Pending
2025-01-17,P002,Sneakers,Footwear,CapeTown_WH,199,52,253,Supplier_A,4,300,650,8,0,Delayed
2025-03-07,P001,T-Shirt,Apparel,CapeTown_WH,281,64,249,Supplier_A,8,50,120,47,0,Pending
2025-02-20,P004,Jeans,Apparel,CapeTown_WH,120,71,111,Supplier_B,8,200,500,46,0,Delivered
2025-02-09,P003,Backpack,Accessories,Joburg_WH,101,74,134,Supplier_B,10,150,350,34,0,Delivered
2025-03-04,P003,Backpack,Accessories,Joburg_WH,177,43,233,Supplier_D,9,150,350,7,0,Delivered
2025-03-10,P005,Jacket,Apparel,CapeTown_WH,33,38,242,Supplier_C,13,400,900,25,115,Pending
2025-01-25,P001,T-Shirt,Apparel,Joburg_WH,149,64,119,Supplier_C,12,50,120,22,0,Delivered
2025-03-27,P006,Sandals,Footwear,Joburg_WH,44,31,124,Supplier_D,6,120,300,37,0,Delivered
2025-02-27,P004,Jeans,Apparel,Durban_WH,114,43,164,Supplier_D,8,200,500,20,0,Pending
2025-02-01,P004,Jeans,Apparel,Durban_WH,257,32,268,Supplier_D,11,200,500,10,0,Delivered
2025-01-01,P003,Backpack,Accessories,Joburg_WH,160,63,235,Supplier_B,4,150,350,25,0,Delivered
2025-03-19,P004,Jeans,Apparel,CapeTown_WH,44,44,167,Supplier_A,6,200,500,49,61,Delayed
2025-03-08,P002,Sneakers,Footwear,Joburg_WH,165,58,159,Supplier_A,13,300,650,10,0,Pending
2025-01-02,P004,Jeans,Apparel,Durban_WH,273,31,159,Supplier_B,5,200,500,27,0,Delivered
2025-02-10,P003,Backpack,Accessories,Durban_WH,24,48,261,Supplier_C,4,150,350,14,138,Delayed
2025-02-12,P006,Sandals,Footwear,Durban_WH,286,79,258,Supplier_B,11,120,300,19,0,Delivered
2025-02-06,P002,Sneakers,Footwear,Durban_WH,102,38,198,Supplier_B,11,300,650,25,0,Delivered
2025-02-01,P002,Sneakers,Footwear,CapeTown_WH,175,75,214,Supplier_B,3,300,650,11,0,Delivered
2025-03-18,P005,Jacket,Apparel,Durban_WH,279,33,202,Supplier_A,3,400,900,44,0,Pending
2025-01-24,P006,Sandals,Footwear,Durban_WH,120,68,223,Supplier_B,6,120,300,33,0,Pending
2025-03-02,P004,Jeans,Apparel,Durban_WH,143,67,277,Supplier_C,6,200,500,41,0,Delivered
2025-01-04,P006,Sandals,Footwear,Durban_WH,210,64,106,Supplier_B,8,120,300,31,0,Delivered
2025-02-19,P004,Jeans,Apparel,CapeTown_WH,33,36,185,Supplier_C,13,200,500,9,179,Delivered
2025-03-05,P001,T-Shirt,Apparel,CapeTown_WH,265,67,178,Supplier_B,12,50,120,25,0,Delivered
2025-03-10,P003,Backpack,Accessories,CapeTown_WH,84,42,280,Supplier_D,7,150,350,22,0,Delivered
2025-02-26,P004,Jeans,Apparel,CapeTown_WH,192,61,263,Supplier_D,5,200,500,21,0,Delivered
2025-03-08,P002,Sneakers,Footwear,Joburg_WH,207,40,290,Supplier_A,6,300,650,25,0,Pending
2025-02-20,P005,Jacket,Apparel,CapeTown_WH,275,55,295,Supplier_B,6,400,900,38,0,Delivered
2025-02-20,P005,Jacket,Apparel,CapeTown_WH,131,47,279,Supplier_B,8,400,900,33,0,Delayed
2025-01-05,P002,Sneakers,Footwear,Durban_WH,61,50,141,Supplier_D,3,300,650,17,0,Delivered
2025-01-16,P004,Jeans,Apparel,Joburg_WH,124,46,219,Supplier_D,11,200,500,13,0,Delivered
2025-02-08,P004,Jeans,Apparel,CapeTown_WH,148,31,159,Supplier_C,3,200,500,33,0,Delayed
2025-01-17,P006,Sandals,Footwear,Durban_WH,29,79,157,Supplier_B,13,120,300,44,70,Pending
2025-01-18,P004,Jeans,Apparel,CapeTown_WH,266,63,107,Supplier_D,10,200,500,26,0,Delivered
2025-03-20,P004,Jeans,Apparel,Joburg_WH,98,46,287,Supplier_C,10,200,500,27,0,Delivered
2025-01-04,P006,Sandals,Footwear,CapeTown_WH,192,48,168,Supplier_A,3,120,300,36,0,Delivered
2025-01-23,P005,Jacket,Apparel,Durban_WH,106,66,107,Supplier_A,10,400,900,17,0,Delivered
2025-02-18,P005,Jacket,Apparel,CapeTown_WH,106,72,228,Supplier_B,5,400,900,49,0,Pending
2025-03-13,P006,Sandals,Footwear,CapeTown_WH,171,46,232,Supplier_C,7,120,300,24,0,Delayed
2025-02-26,P006,Sandals,Footwear,Durban_WH,251,60,209,Supplier_C,13,120,300,40,0,Delivered
2025-01-18,P003,Backpack,Accessories,Joburg_WH,230,36,127,Supplier_D,12,150,350,47,0,Delivered
2025-02-24,P002,Sneakers,Footwear,Durban_WH,280,34,193,Supplier_C,10,300,650,36,0,Delivered
2025-01-28,P002,Sneakers,Footwear,Joburg_WH,157,67,210,Supplier_B,3,300,650,36,0,Delivered
2025-02-05,P004,Jeans,Apparel,Durban_WH,242,37,203,Supplier_D,11,200,500,29,0,Delayed
2025-03-28,P002,Sneakers,Footwear,Joburg_WH,68,65,225,Supplier_B,11,300,650,8,0,Delivered
2025-01-28,P001,T-Shirt,Apparel,Durban_WH,188,54,221,Supplier_A,7,50,120,14,0,Pending
2025-03-20,P005,Jacket,Apparel,Durban_WH,183,41,190,Supplier_B,4,400,900,44,0,Delivered
2025-03-24,P001,T-Shirt,Apparel,CapeTown_WH,288,61,194,Supplier_D,4,50,120,20,0,Delivered
2025-03-19,P004,Jeans,Apparel,Joburg_WH,30,39,114,Supplier_D,9,200,500,21,195,Delivered
2025-03-10,P004,Jeans,Apparel,Durban_WH,172,69,158,Supplier_C,12,200,500,18,0,Delivered
2025-03-02,P001,T-Shirt,Apparel,CapeTown_WH,133,51,257,Supplier_D,7,50,120,24,0,Delivered
2025-02-15,P004,Jeans,Apparel,CapeTown_WH,191,61,278,Supplier_C,5,200,500,25,0,Pending
2025-01-14,P004,Jeans,Apparel,CapeTown_WH,141,61,218,Supplier_C,3,200,500,43,0,Delivered
2025-03-09,P005,Jacket,Apparel,Joburg_WH,287,70,274,Supplier_C,7,400,900,22,0,Delayed
2025-01-08,P002,Sneakers,Footwear,Durban_WH,168,37,145,Supplier_D,9,300,650,44,0,Delivered
2025-03-29,P003,Backpack,Accessories,Joburg_WH,170,73,185,Supplier_D,13,150,350,26,0,Pending
2025-03-19,P004,Jeans,Apparel,CapeTown_WH,41,57,128,Supplier_C,7,200,500,17,51,Delivered
2025-01-04,P004,Jeans,Apparel,Durban_WH,69,60,250,Supplier_C,8,200,500,28,0,Pending
2025-03-15,P003,Backpack,Accessories,Joburg_WH,190,66,288,Supplier_C,10,150,350,37,0,Delayed
2025-02-20,P001,T-Shirt,Apparel,Joburg_WH,22,48,122,Supplier_D,9,50,120,33,79,Delivered
2025-02-01,P004,Jeans,Apparel,CapeTown_WH,127,76,124,Supplier_A,10,200,500,41,0,Delivered
2025-01-12,P004,Jeans,Apparel,Durban_WH,205,45,171,Supplier_C,7,200,500,5,0,Delivered
2025-02-06,P005,Jacket,Apparel,Joburg_WH,22,30,231,Supplier_C,12,400,900,44,113,Delivered
2025-02-18,P005,Jacket,Apparel,Joburg_WH,29,50,227,Supplier_B,11,400,900,43,115,Pending
2025-03-04,P004,Jeans,Apparel,Joburg_WH,131,42,236,Supplier_C,8,200,500,40,0,Delivered
2025-01-01,P001,T-Shirt,Apparel,Durban_WH,253,55,157,Supplier_B,3,50,120,16,0,Delivered
2025-03-27,P006,Sandals,Footwear,CapeTown_WH,33,63,280,Supplier_A,5,120,300,24,124,Delivered
2025-03-14,P006,Sandals,Footwear,Durban_WH,242,35,155,Supplier_D,7,120,300,23,0,Pending
2025-02-10,P003,Backpack,Accessories,Durban_WH,205,33,210,Supplier_C,6,150,350,8,0,Delivered
2025-02-19,P003,Backpack,Accessories,Durban_WH,43,64,253,Supplier_C,10,150,350,41,103,Delivered
2025-01-29,P006,Sandals,Footwear,Durban_WH,221,67,273,Supplier_C,11,120,300,8,0,Pending
2025-01-30,P003,Backpack,Accessories,Joburg_WH,39,46,218,Supplier_B,5,150,350,11,53,Delivered
2025-01-19,P005,Jacket,Apparel,CapeTown_WH,235,66,179,Supplier_B,10,400,900,8,0,Delivered
2025-01-18,P005,Jacket,Apparel,Durban_WH,273,53,261,Supplier_A,4,400,900,34,0,Delayed
2025-03-14,P006,Sandals,Footwear,Joburg_WH,178,48,148,Supplier_D,8,120,300,23,0,Pending
2025-03-31,P006,Sandals,Footwear,Durban_WH,171,74,175,Supplier_B,12,120,300,34,0,Delivered
2025-01-11,P005,Jacket,Apparel,CapeTown_WH,136,60,199,Supplier_D,6,400,900,23,0,Delivered
2025-03-31,P001,T-Shirt,Apparel,Joburg_WH,202,78,282,Supplier_B,4,50,120,37,0,Pending
2025-01-18,P002,Sneakers,Footwear,Joburg_WH,135,78,146,Supplier_A,11,300,650,15,0,Pending
2025-03-17,P003,Backpack,Accessories,Durban_WH,137,74,260,Supplier_C,8,150,350,21,0,Delivered
2025-03-30,P004,Jeans,Apparel,CapeTown_WH,279,49,146,Supplier_B,8,200,500,31,0,Pending
2025-01-27,P005,Jacket,Apparel,CapeTown_WH,66,43,223,Supplier_B,9,400,900,15,0,Delivered
2025-03-13,P001,T-Shirt,Apparel,Joburg_WH,156,55,243,Supplier_B,11,50,120,9,0,Pending
2025-03-07,P006,Sandals,Footwear,Durban_WH,80,39,149,Supplier_A,13,120,300,7,0,Delivered
2025-03-21,P005,Jacket,Apparel,Joburg_WH,132,59,217,Supplier_A,8,400,900,49,0,Delivered
2025-01-24,P006,Sandals,Footwear,Joburg_WH,70,48,269,Supplier_D,12,120,300,39,0,Pending
2025-02-22,P006,Sandals,Footwear,Durban_WH,88,58,163,Supplier_A,6,120,300,41,0,Pending
2025-02-18,P002,Sneakers,Footwear,Durban_WH,68,50,173,Supplier_C,6,300,650,9,0,Delivered
2025-01-04,P006,Sandals,Footwear,Joburg_WH,89,55,103,Supplier_B,9,120,300,43,0,Pending
2025-03-20,P001,T-Shirt,Apparel,Joburg_WH,148,53,156,Supplier_A,8,50,120,40,0,Delivered
2025-04-01,P003,Backpack,Accessories,CapeTown_WH,201,75,159,Supplier_D,11,150,350,48,0,Pending
2025-02-15,P006,Sandals,Footwear,Joburg_WH,50,49,251,Supplier_A,6,120,300,29,0,Delivered
2025-01-04,P003,Backpack,Accessories,CapeTown_WH,232,59,251,Supplier_D,12,150,350,48,0,Delivered
2025-02-15,P005,Jacket,Apparel,CapeTown_WH,239,36,262,Supplier_A,10,400,900,32,0,Delivered
2025-03-07,P003,Backpack,Accessories,Durban_WH,201,60,205,Supplier_B,8,150,350,29,0,Delivered
2025-01-09,P002,Sneakers,Footwear,Durban_WH,63,38,144,Supplier_C,10,300,650,40,0,Delivered
2025-03-02,P003,Backpack,Accessories,Durban_WH,126,49,181,Supplier_B,11,150,350,47,0,Pending
2025-01-03,P002,Sneakers,Footwear,Joburg_WH,40,33,277,Supplier_A,13,300,650,37,0,Delivered
2025-03-12,P004,Jeans,Apparel,CapeTown_WH,26,35,226,Supplier_C,10,200,500,19,197,Pending
2025-04-01,P004,Jeans,Apparel,CapeTown_WH,162,77,298,Supplier_D,12,200,500,25,0,Pending
2025-02-15,P003,Backpack,Accessories,Durban_WH,173,73,219,Supplier_D,11,150,350,18,0,Delivered
2025-03-08,P005,Jacket,Apparel,CapeTown_WH,184,50,181,Supplier_A,5,400,900,9,0,Pending
2025-01-21,P002,Sneakers,Footwear,Joburg_WH,106,55,264,Supplier_B,3,300,650,28,0,Pending
2025-02-11,P006,Sandals,Footwear,Joburg_WH,180,79,216,Supplier_D,12,120,300,8,0,Delivered
2025-02-26,P004,Jeans,Apparel,CapeTown_WH,105,62,180,Supplier_B,4,200,500,28,0,Pending
2025-03-09,P001,T-Shirt,Apparel,Durban_WH,47,72,268,Supplier_A,3,50,120,43,135,Pending
2025-03-06,P005,Jacket,Apparel,CapeTown_WH,36,63,297,Supplier_B,3,400,900,10,147,Delivered
2025-02-10,P002,Sneakers,Footwear,Joburg_WH,24,31,121,Supplier_B,4,300,650,6,123,Delivered
2025-03-16,P006,Sandals,Footwear,Joburg_WH,163,77,278,Supplier_D,8,120,300,43,0,Delivered
2025-03-04,P004,Jeans,Apparel,CapeTown_WH,95,53,267,Supplier_C,13,200,500,42,0,Delayed
2025-03-15,P006,Sandals,Footwear,Durban_WH,157,64,291,Supplier_B,9,120,300,36,0,Pending
2025-03-12,P002,Sneakers,Footwear,CapeTown_WH,296,49,253,Supplier_A,6,300,650,8,0,Pending
2025-03-15,P004,Jeans,Apparel,Joburg_WH,233,44,219,Supplier_D,7,200,500,44,0,Delayed
2025-03-27,P005,Jacket,Apparel,Joburg_WH,98,51,215,Supplier_A,13,400,900,32,0,Pending
2025-03-10,P006,Sandals,Footwear,Joburg_WH,187,57,125,Supplier_A,11,120,300,6,0,Delivered
2025-02-21,P005,Jacket,Apparel,Joburg_WH,267,32,299,Supplier_D,3,400,900,48,0,Delivered
2025-01-26,P002,Sneakers,Footwear,Durban_WH,61,64,105,Supplier_C,11,300,650,43,72,Pending
2025-02-26,P006,Sandals,Footwear,Durban_WH,197,72,246,Supplier_D,5,120,300,9,0,Delayed
2025-03-30,P003,Backpack,Accessories,CapeTown_WH,286,41,173,Supplier_B,10,150,350,12,0,Delivered
2025-02-07,P006,Sandals,Footwear,Joburg_WH,183,66,184,Supplier_A,9,120,300,12,0,Delayed
2025-02-13,P006,Sandals,Footwear,CapeTown_WH,66,44,275,Supplier_A,4,120,300,44,0,Delivered
2025-01-14,P006,Sandals,Footwear,CapeTown_WH,61,49,297,Supplier_A,4,120,300,16,0,Delivered
2025-02-08,P003,Backpack,Accessories,CapeTown_WH,282,45,230,Supplier_C,5,150,350,49,0,Delivered
2025-02-08,P003,Backpack,Accessories,Durban_WH,133,72,139,Supplier_A,3,150,350,42,0,Delivered
2025-03-31,P006,Sandals,Footwear,Joburg_WH,239,30,107,Supplier_B,13,120,300,41,0,Pending
2025-03-03,P002,Sneakers,Footwear,CapeTown_WH,120,33,297,Supplier_C,11,300,650,23,0,Delivered
2025-02-11,P005,Jacket,Apparel,Durban_WH,31,40,145,Supplier_A,9,400,900,20,178,Pending
2025-02-04,P004,Jeans,Apparel,Joburg_WH,40,59,112,Supplier_B,8,200,500,38,53,Delivered
2025-03-24,P001,T-Shirt,Apparel,Joburg_WH,242,56,168,Supplier_B,5,50,120,29,0,Delayed
2025-03-08,P005,Jacket,Apparel,Joburg_WH,215,54,247,Supplier_A,12,400,900,38,0,Pending
2025-01-11,P003,Backpack,Accessories,CapeTown_WH,152,64,288,Supplier_B,11,150,350,32,0,Pending
2025-02-06,P006,Sandals,Footwear,CapeTown_WH,153,48,159,Supplier_A,11,120,300,48,0,Pending
2025-03-29,P001,T-Shirt,Apparel,CapeTown_WH,232,53,230,Supplier_A,12,50,120,16,0,Delivered
2025-01-15,P003,Backpack,Accessories,CapeTown_WH,296,57,289,Supplier_B,7,150,350,37,0,Delayed
2025-01-05,P003,Backpack,Accessories,Joburg_WH,182,63,140,Supplier_D,12,150,350,22,0,Delivered
2025-02-01,P001,T-Shirt,Apparel,CapeTown_WH,94,52,275,Supplier_D,3,50,120,26,0,Pending
2025-03-19,P001,T-Shirt,Apparel,CapeTown_WH,127,40,193,Supplier_A,13,50,120,19,0,Pending
2025-02-08,P001,T-Shirt,Apparel,Joburg_WH,231,45,261,Supplier_C,5,50,120,6,0,Delivered
2025-02-12,P006,Sandals,Footwear,Durban_WH,267,57,146,Supplier_A,8,120,300,43,0,Delivered
2025-01-16,P003,Backpack,Accessories,Durban_WH,220,49,223,Supplier_D,10,150,350,5,0,Delivered
2025-02-12,P002,Sneakers,Footwear,CapeTown_WH,266,52,227,Supplier_A,6,300,650,7,0,Pending
2025-02-10,P006,Sandals,Footwear,CapeTown_WH,162,50,156,Supplier_D,6,120,300,18,0,Pending
2025-03-24,P005,Jacket,Apparel,Joburg_WH,58,38,198,Supplier_D,4,400,900,17,0,Delivered
2025-02-21,P006,Sandals,Footwear,Joburg_WH,134,62,233,Supplier_C,9,120,300,31,0,Delivered
2025-01-15,P002,Sneakers,Footwear,Joburg_WH,110,63,219,Supplier_D,6,300,650,42,0,Delivered
2025-02-11,P002,Sneakers,Footwear,CapeTown_WH,209,64,246,Supplier_C,13,300,650,34,0,Delivered
2025-02-05,P003,Backpack,Accessories,Durban_WH,103,78,124,Supplier_B,10,150,350,44,0,Pending
2025-01-14,P001,T-Shirt,Apparel,Durban_WH,289,55,201,Supplier_C,8,50,120,27,0,Delivered
2025-01-29,P002,Sneakers,Footwear,Joburg_WH,102,75,278,Supplier_B,12,300,650,7,0,Delivered
2025-01-19,P003,Backpack,Accessories,CapeTown_WH,294,38,127,Supplier_C,9,150,350,24,0,Delivered
2025-02-12,P003,Backpack,Accessories,Durban_WH,225,38,223,Supplier_A,6,150,350,23,0,Pending
2025-01-16,P005,Jacket,Apparel,Durban_WH,139,67,280,Supplier_B,10,400,900,40,0,Delivered
2025-03-08,P003,Backpack,Accessories,CapeTown_WH,284,62,219,Supplier_D,13,150,350,29,0,Pending
2025-03-02,P006,Sandals,Footwear,CapeTown_WH,246,70,286,Supplier_D,11,120,300,18,0,Delivered
2025-02-08,P003,Backpack,Accessories,CapeTown_WH,215,33,107,Supplier_A,11,150,350,6,0,Pending
2025-02-17,P003,Backpack,Accessories,Durban_WH,144,75,185,Supplier_C,10,150,350,45,0,Delivered
2025-02-20,P003,Backpack,Accessories,Durban_WH,146,45,161,Supplier_C,5,150,350,34,0,Delivered
2025-02-09,P006,Sandals,Footwear,CapeTown_WH,286,75,149,Supplier_C,7,120,300,25,0,Delivered
2025-01-12,P001,T-Shirt,Apparel,Durban_WH,295,66,294,Supplier_C,3,50,120,48,0,Delayed
2025-03-29,P002,Sneakers,Footwear,Joburg_WH,220,38,167,Supplier_C,3,300,650,39,0,Delivered
2025-01-14,P002,Sneakers,Footwear,Joburg_WH,235,61,164,Supplier_B,9,300,650,12,0,Delivered
2025-03-26,P001,T-Shirt,Apparel,Joburg_WH,95,75,146,Supplier_D,11,50,120,19,0,Delivered
2025-01-27,P001,T-Shirt,Apparel,Joburg_WH,166,55,151,Supplier_C,8,50,120,33,0,Delivered
2025-01-02,P002,Sneakers,Footwear,CapeTown_WH,251,50,150,Supplier_C,6,300,650,42,0,Delivered
2025-02-22,P003,Backpack,Accessories,CapeTown_WH,176,33,154,Supplier_A,6,150,350,11,0,Delivered
2025-01-05,P004,Jeans,Apparel,Durban_WH,95,74,166,Supplier_C,4,200,500,26,0,Delivered
2025-03-12,P001,T-Shirt,Apparel,Durban_WH,181,56,282,Supplier_A,3,50,120,45,0,Delivered
2025-03-22,P002,Sneakers,Footwear,CapeTown_WH,91,52,265,Supplier_A,8,300,650,10,0,Pending
2025-03-05,P006,Sandals,Footwear,Joburg_WH,172,47,244,Supplier_D,8,120,300,16,0,Delivered
2025-03-09,P003,Backpack,Accessories,Durban_WH,237,56,235,Supplier_B,12,150,350,23,0,Delivered
2025-03-08,P002,Sneakers,Footwear,CapeTown_WH,112,74,198,Supplier_D,5,300,650,44,0,Delivered
2025-01-26,P004,Jeans,Apparel,Durban_WH,256,49,155,Supplier_D,8,200,500,17,0,Pending
2025-01-21,P006,Sandals,Footwear,Joburg_WH,68,75,212,Supplier_B,6,120,300,12,92,Delivered
2025-03-03,P001,T-Shirt,Apparel,Joburg_WH,109,68,184,Supplier_C,13,50,120,46,0,Delivered
2025-01-23,P001,T-Shirt,Apparel,Durban_WH,252,38,187,Supplier_A,3,50,120,41,0,Pending
2025-03-22,P003,Backpack,Accessories,Joburg_WH,60,46,187,Supplier_D,5,150,350,25,0,Delivered
2025-03-24,P002,Sneakers,Footwear,CapeTown_WH,78,68,282,Supplier_B,9,300,650,45,0,Delivered
2025-03-07,P006,Sandals,Footwear,Durban_WH,211,40,246,Supplier_A,3,120,300,15,0,Delivered
2025-01-10,P005,Jacket,Apparel,Joburg_WH,187,73,118,Supplier_B,10,400,900,16,0,Pending
2025-01-28,P005,Jacket,Apparel,CapeTown_WH,128,41,288,Supplier_D,12,400,900,37,0,Delivered
2025-03-18,P005,Jacket,Apparel,Joburg_WH,122,57,296,Supplier_B,11,400,900,12,0,Delivered
2025-03-03,P003,Backpack,Accessories,Durban_WH,193,52,257,Supplier_D,9,150,350,49,0,Delivered
2025-03-05,P002,Sneakers,Footwear,Durban_WH,196,76,183,Supplier_A,4,300,650,22,0,Delivered
2025-02-01,P006,Sandals,Footwear,Joburg_WH,180,65,181,Supplier_C,5,120,300,41,0,Pending
2025-02-04,P004,Jeans,Apparel,CapeTown_WH,258,57,267,Supplier_B,3,200,500,24,0,Delivered
2025-01-20,P006,Sandals,Footwear,CapeTown_WH,244,41,221,Supplier_C,11,120,300,19,0,Delivered
2025-03-05,P002,Sneakers,Footwear,Durban_WH,277,58,204,Supplier_B,4,300,650,14,0,Pending
2025-01-03,P005,Jacket,Apparel,Durban_WH,285,43,150,Supplier_B,11,400,900,13,0,Delivered
2025-04-01,P006,Sandals,Footwear,CapeTown_WH,58,57,102,Supplier_C,8,120,300,24,0,Pending
2025-03-10,P002,Sneakers,Footwear,CapeTown_WH,174,31,192,Supplier_D,5,300,650,42,0,Delivered
2025-02-13,P002,Sneakers,Footwear,Durban_WH,277,46,268,Supplier_B,5,300,650,16,0,Delivered
2025-03-13,P003,Backpack,Accessories,CapeTown_WH,254,30,154,Supplier_D,12,150,350,49,0,Delivered
2025-03-07,P003,Backpack,Accessories,Joburg_WH,232,78,226,Supplier_D,11,150,350,35,0,Delayed
2025-01-14,P002,Sneakers,Footwear,CapeTown_WH,298,53,137,Supplier_A,7,300,650,32,0,Delivered
2025-03-10,P003,Backpack,Accessories,CapeTown_WH,126,47,263,Supplier_A,9,150,350,39,0,Pending
2025-01-30,P003,Backpack,Accessories,Durban_WH,92,67,221,Supplier_D,4,150,350,34,0,Delivered
2025-01-03,P004,Jeans,Apparel,Durban_WH,214,57,271,Supplier_C,11,200,500,19,0,Delivered
2025-01-19,P002,Sneakers,Footwear,CapeTown_WH,82,52,203,Supplier_A,12,300,650,15,0,Pending
2025-03-02,P002,Sneakers,Footwear,Durban_WH,137,65,223,Supplier_B,10,300,650,37,0,Pending
2025-01-24,P003,Backpack,Accessories,Joburg_WH,186,63,283,Supplier_D,7,150,350,32,0,Delivered
2025-03-01,P002,Sneakers,Footwear,Durban_WH,26,33,264,Supplier_C,6,300,650,5,96,Delivered
2025-03-05,P003,Backpack,Accessories,CapeTown_WH,294,58,287,Supplier_A,5,150,350,22,0,Delivered
2025-01-10,P002,Sneakers,Footwear,Joburg_WH,145,40,148,Supplier_A,7,300,650,42,0,Delivered
2025-02-08,P006,Sandals,Footwear,Joburg_WH,195,41,164,Supplier_A,6,120,300,35,0,Delayed
2025-03-26,P003,Backpack,Accessories,Joburg_WH,132,74,277,Supplier_B,10,150,350,9,0,Delivered
2025-03-29,P003,Backpack,Accessories,CapeTown_WH,86,40,144,Supplier_B,12,150,350,8,0,Delayed
2025-03-02,P003,Backpack,Accessories,Joburg_WH,174,75,206,Supplier_A,12,150,350,31,0,Delivered
2025-02-02,P001,T-Shirt,Apparel,CapeTown_WH,70,79,105,Supplier_B,12,50,120,19,79,Pending
2025-01-11,P003,Backpack,Accessories,Joburg_WH,141,66,269,Supplier_A,5,150,350,41,0,Delivered
2025-03-23,P003,Backpack,Accessories,CapeTown_WH,106,35,295,Supplier_B,11,150,350,22,0,Delivered
2025-02-20,P002,Sneakers,Footwear,Joburg_WH,96,76,225,Supplier_A,8,300,650,21,0,Pending
2025-01-08,P003,Backpack,Accessories,Joburg_WH,87,34,264,Supplier_C,3,150,350,45,0,Delivered
2025-03-08,P006,Sandals,Footwear,Joburg_WH,181,74,185,Supplier_C,5,120,300,27,0,Delivered
2025-02-06,P004,Jeans,Apparel,CapeTown_WH,61,63,259,Supplier_B,12,200,500,49,100,Delayed
2025-01-12,P001,T-Shirt,Apparel,Durban_WH,40,73,238,Supplier_B,5,50,120,43,117,Delayed
2025-03-16,P002,Sneakers,Footwear,CapeTown_WH,111,53,224,Supplier_C,4,300,650,39,0,Pending
2025-02-19,P001,T-Shirt,Apparel,Durban_WH,158,65,278,Supplier_C,5,50,120,21,0,Delivered
2025-03-09,P002,Sneakers,Footwear,Durban_WH,271,47,203,Supplier_C,11,300,650,26,0,Delivered
2025-03-28,P006,Sandals,Footwear,Joburg_WH,171,48,264,Supplier_A,7,120,300,43,0,Delivered
2025-03-04,P003,Backpack,Accessories,CapeTown_WH,27,57,104,Supplier_D,6,150,350,21,150,Delivered
2025-02-07,P004,Jeans,Apparel,Durban_WH,166,56,216,Supplier_B,13,200,500,38,0,Delayed
2025-03-24,P002,Sneakers,Footwear,CapeTown_WH,192,76,239,Supplier_D,8,300,650,25,0,Delivered
2025-02-15,P006,Sandals,Footwear,Joburg_WH,24,46,283,Supplier_D,12,120,300,24,95,Delivered
2025-03-30,P005,Jacket,Apparel,Durban_WH,31,35,116,Supplier_A,6,400,900,23,97,Delivered
2025-01-30,P004,Jeans,Apparel,Joburg_WH,89,65,201,Supplier_B,3,200,500,15,0,Delivered
2025-02-20,P001,T-Shirt,Apparel,CapeTown_WH,235,52,242,Supplier_C,13,50,120,31,0,Pending
2025-02-09,P005,Jacket,Apparel,CapeTown_WH,211,79,278,Supplier_D,13,400,900,18,0,Delivered
2025-02-22,P001,T-Shirt,Apparel,Durban_WH,101,57,278,Supplier_A,9,50,120,8,0,Delivered
2025-01-23,P006,Sandals,Footwear,Durban_WH,182,77,172,Supplier_C,6,120,300,12,0,Pending
2025-02-04,P002,Sneakers,Footwear,Joburg_WH,244,61,171,Supplier_C,8,300,650,23,0,Delayed
2025-03-06,P002,Sneakers,Footwear,Joburg_WH,32,76,288,Supplier_A,8,300,650,35,163,Delivered
2025-01-15,P004,Jeans,Apparel,CapeTown_WH,233,72,166,Supplier_B,12,200,500,14,0,Delivered
2025-02-02,P006,Sandals,Footwear,Durban_WH,145,50,293,Supplier_D,10,120,300,45,0,Delayed
2025-03-14,P001,T-Shirt,Apparel,Joburg_WH,54,59,156,Supplier_D,5,50,120,34,96,Delayed
2025-03-23,P005,Jacket,Apparel,Joburg_WH,38,79,107,Supplier_A,10,400,900,30,162,Delivered
2025-03-25,P004,Jeans,Apparel,Joburg_WH,49,36,166,Supplier_B,6,200,500,5,0,Delivered
2025-01-11,P006,Sandals,Footwear,Durban_WH,44,66,100,Supplier_C,10,120,300,19,86,Pending
2025-02-16,P006,Sandals,Footwear,CapeTown_WH,155,34,287,Supplier_A,3,120,300,13,0,Pending
2025-01-22,P005,Jacket,Apparel,Joburg_WH,183,64,293,Supplier_A,9,400,900,44,0,Delivered
2025-03-15,P003,Backpack,Accessories,Joburg_WH,284,63,273,Supplier_C,6,150,350,18,0,Pending
2025-03-30,P005,Jacket,Apparel,Durban_WH,94,64,171,Supplier_A,4,400,900,7,0,Delivered
2025-01-03,P006,Sandals,Footwear,CapeTown_WH,64,48,222,Supplier_D,4,120,300,42,0,Delivered
2025-02-19,P006,Sandals,Footwear,Joburg_WH,164,63,223,Supplier_D,8,120,300,20,0,Delivered
2025-02-25,P002,Sneakers,Footwear,CapeTown_WH,207,31,293,Supplier_C,10,300,650,30,0,Delivered
2025-03-01,P002,Sneakers,Footwear,Joburg_WH,130,60,133,Supplier_C,5,300,650,43,0,Pending
2025-01-01,P006,Sandals,Footwear,CapeTown_WH,234,43,219,Supplier_C,8,120,300,31,0,Delivered
2025-01-31,P004,Jeans,Apparel,CapeTown_WH,240,68,152,Supplier_D,3,200,500,43,0,Pending
2025-03-31,P003,Backpack,Accessories,Durban_WH,252,59,280,Supplier_D,7,150,350,17,0,Pending
2025-01-15,P003,Backpack,Accessories,Joburg_WH,72,48,156,Supplier_B,8,150,350,29,0,Delayed
2025-03-29,P003,Backpack,Accessories,CapeTown_WH,50,46,282,Supplier_C,12,150,350,27,0,Delivered
2025-03-16,P006,Sandals,Footwear,CapeTown_WH,29,65,299,Supplier_B,4,120,300,24,163,Delivered
2025-02-28,P004,Jeans,Apparel,Joburg_WH,72,53,178,Supplier_B,6,200,500,26,0,Pending
2025-01-29,P006,Sandals,Footwear,CapeTown_WH,224,52,107,Supplier_A,9,120,300,22,0,Delivered
2025-02-03,P002,Sneakers,Footwear,Durban_WH,267,63,226,Supplier_A,11,300,650,15,0,Delivered
2025-01-05,P002,Sneakers,Footwear,Joburg_WH,223,78,178,Supplier_A,3,300,650,35,0,Delayed
2025-01-14,P004,Jeans,Apparel,Durban_WH,173,47,195,Supplier_D,8,200,500,26,0,Delivered
2025-03-22,P003,Backpack,Accessories,Joburg_WH,228,52,187,Supplier_B,11,150,350,12,0,Pending
2025-01-13,P005,Jacket,Apparel,CapeTown_WH,176,57,238,Supplier_B,13,400,900,5,0,Delivered
2025-02-26,P001,T-Shirt,Apparel,Joburg_WH,166,38,254,Supplier_B,6,50,120,38,0,Pending
2025-02-15,P003,Backpack,Accessories,Joburg_WH,119,47,242,Supplier_D,5,150,350,17,0,Pending
2025-03-15,P004,Jeans,Apparel,Joburg_WH,196,35,211,Supplier_D,5,200,500,16,0,Delivered
2025-01-12,P001,T-Shirt,Apparel,Joburg_WH,205,52,256,Supplier_B,13,50,120,37,0,Delayed
2025-01-22,P003,Backpack,Accessories,Joburg_WH,236,39,274,Supplier_C,7,150,350,27,0,Delayed
2025-02-07,P001,T-Shirt,Apparel,CapeTown_WH,254,42,200,Supplier_A,10,50,120,37,0,Pending
2025-02-17,P002,Sneakers,Footwear,CapeTown_WH,30,46,295,Supplier_A,11,300,650,29,143,Pending
2025-03-24,P003,Backpack,Accessories,Joburg_WH,40,49,239,Supplier_B,3,150,350,41,91,Pending
2025-02-22,P004,Jeans,Apparel,Durban_WH,120,77,202,Supplier_C,11,200,500,32,0,Pending
2025-03-12,P003,Backpack,Accessories,Durban_WH,165,43,204,Supplier_B,11,150,350,11,0,Pending
2025-02-17,P002,Sneakers,Footwear,Durban_WH,32,47,240,Supplier_D,4,300,650,40,80,Pending
2025-01-27,P004,Jeans,Apparel,Durban_WH,35,38,172,Supplier_B,10,200,500,42,103,Delivered
2025-03-28,P004,Jeans,Apparel,Joburg_WH,119,74,186,Supplier_C,4,200,500,49,0,Delivered
2025-02-17,P004,Jeans,Apparel,Durban_WH,235,37,106,Supplier_C,4,200,500,40,0,Delivered
2025-03-23,P002,Sneakers,Footwear,Durban_WH,22,57,169,Supplier_A,10,300,650,48,198,Pending
2025-01-18,P002,Sneakers,Footwear,CapeTown_WH,84,65,120,Supplier_B,5,300,650,47,0,Pending
2025-02-22,P001,T-Shirt,Apparel,Durban_WH,32,78,217,Supplier_D,7,50,120,14,102,Delivered
2025-03-16,P005,Jacket,Apparel,CapeTown_WH,93,75,112,Supplier_A,8,400,900,41,0,Delivered
2025-03-24,P002,Sneakers,Footwear,Joburg_WH,299,31,180,Supplier_A,12,300,650,40,0,Pending
2025-02-21,P006,Sandals,Footwear,Joburg_WH,182,54,230,Supplier_C,3,120,300,42,0,Pending
2025-02-03,P003,Backpack,Accessories,CapeTown_WH,287,53,128,Supplier_C,11,150,350,47,0,Delivered
2025-01-10,P002,Sneakers,Footwear,Joburg_WH,247,55,164,Supplier_B,9,300,650,24,0,Delivered
2025-03-24,P004,Jeans,Apparel,Joburg_WH,175,45,274,Supplier_A,10,200,500,21,0,Pending
2025-03-04,P001,T-Shirt,Apparel,Joburg_WH,111,41,126,Supplier_C,13,50,120,46,0,Pending
2025-04-01,P002,Sneakers,Footwear,Joburg_WH,194,59,261,Supplier_B,8,300,650,41,0,Delivered
2025-01-04,P004,Jeans,Apparel,Durban_WH,243,54,132,Supplier_D,6,200,500,11,0,Pending
2025-03-21,P001,T-Shirt,Apparel,Durban_WH,145,41,115,Supplier_A,13,50,120,20,0,Delivered
2025-01-27,P002,Sneakers,Footwear,CapeTown_WH,154,65,210,Supplier_B,13,300,650,13,0,Delivered
2025-01-16,P005,Jacket,Apparel,Durban_WH,283,62,299,Supplier_D,8,400,900,49,0,Pending
2025-02-25,P002,Sneakers,Footwear,CapeTown_WH,78,33,203,Supplier_D,11,300,650,7,0,Pending
2025-03-19,P005,Jacket,Apparel,Durban_WH,176,63,255,Supplier_D,9,400,900,17,0,Delivered
2025-03-09,P006,Sandals,Footwear,CapeTown_WH,237,33,189,Supplier_A,11,120,300,44,0,Delivered
2025-03-13,P005,Jacket,Apparel,Joburg_WH,138,34,155,Supplier_B,6,400,900,36,0,Delivered
2025-03-03,P003,Backpack,Accessories,Durban_WH,162,61,127,Supplier_D,11,150,350,26,0,Delivered
2025-03-17,P001,T-Shirt,Apparel,Durban_WH,36,55,298,Supplier_A,11,50,120,46,75,Delivered
2025-03-26,P004,Jeans,Apparel,Joburg_WH,286,42,280,Supplier_C,10,200,500,12,0,Delayed
2025-01-01,P006,Sandals,Footwear,Joburg_WH,87,76,194,Supplier_A,13,120,300,32,0,Pending
2025-03-10,P001,T-Shirt,Apparel,CapeTown_WH,68,76,151,Supplier_B,11,50,120,42,106,Delivered
2025-03-22,P004,Jeans,Apparel,CapeTown_WH,193,79,125,Supplier_D,6,200,500,9,0,Pending
2025-01-22,P003,Backpack,Accessories,Durban_WH,267,62,277,Supplier_B,13,150,350,42,0,Pending
2025-02-12,P003,Backpack,Accessories,CapeTown_WH,245,44,160,Supplier_D,7,150,350,25,0,Delayed
2025-01-18,P006,Sandals,Footwear,Joburg_WH,81,51,289,Supplier_B,12,120,300,22,0,Delivered
2025-03-07,P006,Sandals,Footwear,Joburg_WH,242,59,102,Supplier_A,8,120,300,34,0,Pending
2025-01-12,P001,T-Shirt,Apparel,CapeTown_WH,112,37,271,Supplier_D,13,50,120,49,0,Delivered
2025-03-30,P002,Sneakers,Footwear,CapeTown_WH,127,62,174,Supplier_C,4,300,650,17,0,Delayed
2025-03-17,P004,Jeans,Apparel,Durban_WH,30,60,255,Supplier_B,11,200,500,48,119,Delayed
2025-02-02,P002,Sneakers,Footwear,Durban_WH,291,33,198,Supplier_B,11,300,650,30,0,Delivered
2025-03-27,P006,Sandals,Footwear,Durban_WH,158,66,188,Supplier_B,5,120,300,22,0,Pending
2025-01-27,P005,Jacket,Apparel,Joburg_WH,173,35,103,Supplier_B,5,400,900,48,0,Delivered
2025-03-15,P003,Backpack,Accessories,CapeTown_WH,78,63,116,Supplier_C,13,150,350,47,0,Delayed
2025-01-09,P003,Backpack,Accessories,CapeTown_WH,264,45,293,Supplier_D,9,150,350,38,0,Delivered
2025-01-21,P001,T-Shirt,Apparel,Joburg_WH,27,42,205,Supplier_D,6,50,120,12,145,Delivered
2025-03-11,P005,Jacket,Apparel,Joburg_WH,113,30,270,Supplier_C,3,400,900,43,0,Delivered
2025-01-11,P005,Jacket,Apparel,Durban_WH,206,49,187,Supplier_D,8,400,900,26,0,Delivered
2025-02-28,P001,T-Shirt,Apparel,Joburg_WH,63,38,264,Supplier_C,6,50,120,14,0,Delayed
2025-02-13,P003,Backpack,Accessories,Joburg_WH,120,57,255,Supplier_B,13,150,350,46,0,Delivered
2025-03-06,P006,Sandals,Footwear,CapeTown_WH,235,71,203,Supplier_D,9,120,300,6,0,Delivered
2025-01-03,P001,T-Shirt,Apparel,Durban_WH,110,51,200,Supplier_A,11,50,120,31,0,Delayed
2025-03-08,P002,Sneakers,Footwear,Durban_WH,160,74,109,Supplier_C,11,300,650,40,0,Pending
2025-01-21,P001,T-Shirt,Apparel,Durban_WH,267,56,133,Supplier_C,11,50,120,5,0,Delayed
2025-03-16,P006,Sandals,Footwear,Joburg_WH,112,36,166,Supplier_C,6,120,300,24,0,Delayed
2025-03-02,P001,T-Shirt,Apparel,CapeTown_WH,136,59,262,Supplier_B,3,50,120,39,0,Pending
2025-02-15,P004,Jeans,Apparel,Joburg_WH,110,55,116,Supplier_B,6,200,500,22,0,Delivered
2025-03-17,P003,Backpack,Accessories,CapeTown_WH,200,56,181,Supplier_B,3,150,350,8,0,Delivered
2025-01-12,P001,T-Shirt,Apparel,Joburg_WH,133,30,157,Supplier_B,6,50,120,30,0,Delivered
2025-02-08,P003,Backpack,Accessories,Joburg_WH,135,52,109,Supplier_A,11,150,350,15,0,Delivered
2025-01-07,P003,Backpack,Accessories,CapeTown_WH,124,34,221,Supplier_C,3,150,350,5,0,Delivered
2025-02-16,P006,Sandals,Footwear,CapeTown_WH,297,63,268,Supplier_D,6,120,300,33,0,Delivered
2025-03-08,P002,Sneakers,Footwear,Durban_WH,216,40,155,Supplier_D,5,300,650,25,0,Delivered
2025-01-04,P001,T-Shirt,Apparel,Joburg_WH,95,55,214,Supplier_D,9,50,120,23,0,Pending
2025-03-23,P006,Sandals,Footwear,Durban_WH,173,69,232,Supplier_D,6,120,300,25,0,Pending
2025-01-06,P001,T-Shirt,Apparel,Joburg_WH,298,71,183,Supplier_C,4,50,120,19,0,Delivered
2025-01-20,P004,Jeans,Apparel,Durban_WH,135,74,235,Supplier_B,5,200,500,45,0,Delivered
2025-03-30,P005,Jacket,Apparel,CapeTown_WH,131,68,145,Supplier_D,11,400,900,32,0,Delayed
2025-03-13,P005,Jacket,Apparel,Joburg_WH,290,64,264,Supplier_C,5,400,900,5,0,Pending
2025-01-23,P002,Sneakers,Footwear,Joburg_WH,299,56,139,Supplier_C,4,300,650,40,0,Delayed
2025-03-02,P006,Sandals,Footwear,Durban_WH,43,53,103,Supplier_A,11,120,300,7,83,Delivered
2025-01-13,P004,Jeans,Apparel,CapeTown_WH,200,52,208,Supplier_A,7,200,500,9,0,Pending
2025-03-07,P006,Sandals,Footwear,CapeTown_WH,188,35,200,Supplier_C,10,120,300,14,0,Delivered
2025-01-18,P002,Sneakers,Footwear,CapeTown_WH,122,67,184,Supplier_D,5,300,650,24,0,Pending
2025-03-30,P006,Sandals,Footwear,Durban_WH,198,51,146,Supplier_C,8,120,300,8,0,Pending
2025-03-29,P004,Jeans,Apparel,CapeTown_WH,258,70,296,Supplier_C,9,200,500,17,0,Delivered
2025-03-03,P004,Jeans,Apparel,CapeTown_WH,49,66,124,Supplier_D,13,200,500,31,175,Delivered
2025-03-19,P002,Sneakers,Footwear,Joburg_WH,66,65,138,Supplier_B,10,300,650,20,0,Delayed
2025-01-16,P006,Sandals,Footwear,CapeTown_WH,41,50,153,Supplier_A,13,120,300,25,65,Pending
2025-03-05,P001,T-Shirt,Apparel,Joburg_WH,221,61,286,Supplier_C,11,50,120,38,0,Pending
2025-03-20,P006,Sandals,Footwear,Durban_WH,158,61,109,Supplier_D,11,120,300,26,0,Delivered
2025-01-13,P004,Jeans,Apparel,CapeTown_WH,292,33,147,Supplier_B,13,200,500,29,0,Delivered
2025-01-02,P002,Sneakers,Footwear,Durban_WH,121,78,164,Supplier_C,5,300,650,29,0,Pending
2025-02-06,P006,Sandals,Footwear,Joburg_WH,100,70,226,Supplier_B,4,120,300,28,0,Pending
2025-03-21,P001,T-Shirt,Apparel,Durban_WH,123,44,195,Supplier_D,13,50,120,43,0,Delivered
2025-02-28,P003,Backpack,Accessories,CapeTown_WH,217,30,250,Supplier_A,11,150,350,43,0,Pending
2025-02-28,P006,Sandals,Footwear,Durban_WH,100,63,268,Supplier_B,11,120,300,33,0,Delivered
2025-01-13,P003,Backpack,Accessories,Joburg_WH,160,35,105,Supplier_C,6,150,350,24,0,Delivered
2025-01-23,P006,Sandals,Footwear,CapeTown_WH,264,32,180,Supplier_D,9,120,300,16,0,Delivered
2025-01-08,P001,T-Shirt,Apparel,Joburg_WH,211,30,180,Supplier_C,12,50,120,7,0,Delivered
2025-02-15,P003,Backpack,Accessories,Joburg_WH,290,65,131,Supplier_B,6,150,350,36,0,Delivered
2025-03-05,P005,Jacket,Apparel,Joburg_WH,62,64,177,Supplier_B,4,400,900,37,63,Pending
2025-02-05,P004,Jeans,Apparel,Durban_WH,208,33,158,Supplier_B,5,200,500,33,0,Delivered
2025-02-26,P001,T-Shirt,Apparel,Durban_WH,187,48,292,Supplier_B,13,50,120,9,0,Pending
2025-01-14,P002,Sneakers,Footwear,Durban_WH,32,77,163,Supplier_B,13,300,650,39,196,Pending
2025-03-29,P001,T-Shirt,Apparel,Durban_WH,62,39,188,Supplier_C,6,50,120,24,0,Delivered
2025-01-18,P001,T-Shirt,Apparel,Durban_WH,170,31,219,Supplier_C,5,50,120,26,0,Delayed
2025-01-20,P005,Jacket,Apparel,Durban_WH,26,43,283,Supplier_D,9,400,900,7,163,Delivered
2025-03-27,P001,T-Shirt,Apparel,CapeTown_WH,102,47,171,Supplier_C,3,50,120,37,0,Pending
2025-02-09,P005,Jacket,Apparel,Durban_WH,31,40,232,Supplier_D,3,400,900,31,189,Delayed
2025-01-15,P004,Jeans,Apparel,CapeTown_WH,116,34,156,Supplier_A,7,200,500,32,0,Pending
2025-03-09,P002,Sneakers,Footwear,CapeTown_WH,137,62,161,Supplier_D,5,300,650,45,0,Pending
2025-01-14,P005,Jacket,Apparel,Durban_WH,233,34,222,Supplier_A,9,400,900,6,0,Delivered
2025-02-28,P006,Sandals,Footwear,Durban_WH,160,49,281,Supplier_D,9,120,300,11,0,Delivered
2025-02-22,P006,Sandals,Footwear,Durban_WH,33,52,246,Supplier_B,10,120,300,33,197,Delivered
2025-03-07,P002,Sneakers,Footwear,Joburg_WH,221,70,156,Supplier_D,12,300,650,12,0,Delivered
2025-01-08,P006,Sandals,Footwear,CapeTown_WH,81,58,116,Supplier_A,8,120,300,6,0,Delayed
2025-02-24,P004,Jeans,Apparel,CapeTown_WH,77,34,255,Supplier_C,7,200,500,45,0,Delivered
2025-01-02,P002,Sneakers,Footwear,CapeTown_WH,101,55,268,Supplier_A,3,300,650,31,0,Delivered
2025-03-12,P006,Sandals,Footwear,Durban_WH,223,36,230,Supplier_A,4,120,300,14,0,Delivered
2025-03-11,P005,Jacket,Apparel,Durban_WH,227,31,223,Supplier_D,12,400,900,28,0,Delivered
2025-02-23,P005,Jacket,Apparel,Joburg_WH,185,51,253,Supplier_A,9,400,900,47,0,Pending
2025-03-30,P002,Sneakers,Footwear,Durban_WH,238,58,119,Supplier_B,11,300,650,31,0,Delivered
2025-03-23,P006,Sandals,Footwear,CapeTown_WH,167,73,246,Supplier_D,5,120,300,24,0,Delivered
2025-01-23,P003,Backpack,Accessories,Durban_WH,153,44,126,Supplier_B,11,150,350,14,0,Delivered
2025-03-02,P006,Sandals,Footwear,Durban_WH,67,35,286,Supplier_B,13,120,300,40,0,Pending
2025-03-11,P003,Backpack,Accessories,Joburg_WH,277,58,295,Supplier_D,5,150,350,5,0,Delivered
2025-02-15,P001,T-Shirt,Apparel,Durban_WH,173,54,109,Supplier_A,13,50,120,19,0,Delivered
2025-01-02,P006,Sandals,Footwear,CapeTown_WH,169,77,248,Supplier_D,6,120,300,26,0,Delayed
2025-02-06,P005,Jacket,Apparel,CapeTown_WH,117,59,124,Supplier_C,3,400,900,49,0,Delivered
2025-02-24,P004,Jeans,Apparel,CapeTown_WH,87,36,148,Supplier_C,6,200,500,13,0,Pending
2025-02-17,P002,Sneakers,Footwear,Joburg_WH,102,30,237,Supplier_C,11,300,650,40,0,Delivered
2025-02-04,P002,Sneakers,Footwear,Durban_WH,256,75,205,Supplier_D,8,300,650,36,0,Pending
2025-03-07,P001,T-Shirt,Apparel,CapeTown_WH,195,67,244,Supplier_A,4,50,120,14,0,Delivered
2025-03-03,P005,Jacket,Apparel,Durban_WH,73,79,262,Supplier_D,11,400,900,25,176,Pending
2025-03-14,P006,Sandals,Footwear,Joburg_WH,290,33,192,Supplier_C,13,120,300,13,0,Pending
2025-03-20,P003,Backpack,Accessories,Durban_WH,267,57,116,Supplier_C,11,150,350,47,0,Delivered
2025-01-08,P006,Sandals,Footwear,Joburg_WH,60,71,277,Supplier_D,3,120,300,24,88,Delivered
2025-01-12,P002,Sneakers,Footwear,Durban_WH,264,52,210,Supplier_B,6,300,650,36,0,Delivered
2025-01-13,P003,Backpack,Accessories,Durban_WH,66,62,209,Supplier_B,13,150,350,9,0,Delivered
2025-03-09,P002,Sneakers,Footwear,Joburg_WH,222,79,294,Supplier_B,13,300,650,37,0,Delivered
2025-02-03,P006,Sandals,Footwear,Joburg_WH,35,47,193,Supplier_B,8,120,300,14,131,Delayed
2025-02-04,P005,Jacket,Apparel,Joburg_WH,146,48,263,Supplier_A,10,400,900,17,0,Delivered
2025-03-16,P003,Backpack,Accessories,CapeTown_WH,193,32,201,Supplier_D,9,150,350,5,0,Delivered
2025-01-20,P003,Backpack,Accessories,CapeTown_WH,110,75,107,Supplier_A,3,150,350,46,0,Delivered
2025-01-27,P006,Sandals,Footwear,Joburg_WH,92,35,206,Supplier_C,9,120,300,29,0,Delivered
2025-01-14,P005,Jacket,Apparel,Joburg_WH,201,66,236,Supplier_B,10,400,900,22,0,Delivered
2025-03-17,P006,Sandals,Footwear,Durban_WH,206,50,101,Supplier_B,13,120,300,47,0,Delivered
2025-02-14,P005,Jacket,Apparel,CapeTown_WH,207,67,267,Supplier_A,4,400,900,40,0,Pending
2025-02-04,P001,T-Shirt,Apparel,Joburg_WH,271,72,136,Supplier_C,4,50,120,19,0,Delivered
2025-01-15,P006,Sandals,Footwear,CapeTown_WH,82,51,238,Supplier_C,6,120,300,17,0,Delivered
2025-02-18,P004,Jeans,Apparel,Durban_WH,233,36,160,Supplier_C,8,200,500,47,0,Pending
2025-03-06,P001,T-Shirt,Apparel,Durban_WH,107,33,228,Supplier_B,8,50,120,7,0,Delivered
2025-01-16,P001,T-Shirt,Apparel,Joburg_WH,261,30,201,Supplier_A,7,50,120,42,0,Delivered
2025-02-20,P006,Sandals,Footwear,CapeTown_WH,152,78,191,Supplier_D,4,120,300,25,0,Delivered
2025-01-11,P001,T-Shirt,Apparel,CapeTown_WH,128,76,183,Supplier_A,5,50,120,23,0,Delivered
2025-02-19,P002,Sneakers,Footwear,Durban_WH,88,30,295,Supplier_B,13,300,650,16,0,Delivered
2025-01-25,P003,Backpack,Accessories,CapeTown_WH,253,52,252,Supplier_D,12,150,350,25,0,Delayed
2025-03-02,P002,Sneakers,Footwear,Durban_WH,71,53,252,Supplier_D,9,300,650,49,0,Delayed
2025-01-11,P004,Jeans,Apparel,CapeTown_WH,51,61,232,Supplier_B,12,200,500,40,159,Pending
2025-01-27,P003,Backpack,Accessories,Joburg_WH,196,71,157,Supplier_A,3,150,350,43,0,Pending
2025-01-10,P001,T-Shirt,Apparel,Joburg_WH,232,38,105,Supplier_B,5,50,120,49,0,Delayed
2025-01-04,P003,Backpack,Accessories,Durban_WH,58,51,268,Supplier_C,12,150,350,9,0,Delivered
2025-02-12,P001,T-Shirt,Apparel,Durban_WH,106,46,175,Supplier_A,5,50,120,27,0,Delayed
2025-02-24,P006,Sandals,Footwear,CapeTown_WH,233,38,128,Supplier_B,9,120,300,41,0,Delivered
2025-03-22,P005,Jacket,Apparel,Durban_WH,160,61,145,Supplier_C,3,400,900,27,0,Pending
2025-01-17,P001,T-Shirt,Apparel,CapeTown_WH,266,69,184,Supplier_B,7,50,120,6,0,Delivered
2025-03-13,P006,Sandals,Footwear,CapeTown_WH,153,73,117,Supplier_C,8,120,300,34,0,Delivered
2025-02-28,P006,Sandals,Footwear,Joburg_WH,265,62,257,Supplier_D,13,120,300,21,0,Delayed
2025-02-08,P003,Backpack,Accessories,Durban_WH,141,39,214,Supplier_A,4,150,350,40,0,Pending
2025-03-09,P006,Sandals,Footwear,Joburg_WH,220,71,127,Supplier_B,9,120,300,15,0,Pending
2025-02-25,P002,Sneakers,Footwear,Durban_WH,266,76,226,Supplier_A,8,300,650,23,0,Delivered
2025-03-03,P003,Backpack,Accessories,Joburg_WH,171,37,206,Supplier_C,3,150,350,13,0,Delivered
2025-01-14,P003,Backpack,Accessories,CapeTown_WH,38,32,173,Supplier_B,12,150,350,44,0,Pending
2025-01-20,P005,Jacket,Apparel,CapeTown_WH,160,30,261,Supplier_B,3,400,900,33,0,Delayed
2025-01-07,P006,Sandals,Footwear,CapeTown_WH,264,58,138,Supplier_C,12,120,300,28,0,Pending
2025-03-14,P004,Jeans,Apparel,CapeTown_WH,36,36,112,Supplier_C,3,200,500,9,75,Delivered
2025-01-02,P002,Sneakers,Footwear,Joburg_WH,26,78,202,Supplier_B,3,300,650,5,111,Delivered
2025-02-12,P002,Sneakers,Footwear,CapeTown_WH,190,54,230,Supplier_A,7,300,650,19,0,Delivered
2025-03-28,P001,T-Shirt,Apparel,Durban_WH,163,54,153,Supplier_B,11,50,120,32,0,Delivered
2025-01-07,P003,Backpack,Accessories,Durban_WH,139,30,192,Supplier_D,11,150,350,26,0,Delivered
2025-03-24,P005,Jacket,Apparel,Durban_WH,137,70,298,Supplier_A,5,400,900,18,0,Pending
2025-02-11,P005,Jacket,Apparel,CapeTown_WH,166,31,268,Supplier_D,5,400,900,49,0,Delivered
2025-02-16,P002,Sneakers,Footwear,CapeTown_WH,158,75,129,Supplier_A,4,300,650,44,0,Delivered
2025-01-01,P005,Jacket,Apparel,Durban_WH,67,31,235,Supplier_C,8,400,900,26,0,Delayed
2025-03-27,P004,Jeans,Apparel,Durban_WH,223,76,284,Supplier_C,6,200,500,44,0,Delayed
2025-02-21,P003,Backpack,Accessories,CapeTown_WH,239,78,272,Supplier_C,4,150,350,22,0,Delivered
2025-03-10,P003,Backpack,Accessories,Joburg_WH,64,44,119,Supplier_B,13,150,350,33,0,Delivered
2025-03-25,P002,Sneakers,Footwear,Joburg_WH,253,58,166,Supplier_C,5,300,650,23,0,Delivered
2025-01-07,P006,Sandals,Footwear,Durban_WH,201,43,163,Supplier_C,13,120,300,44,0,Pending
2025-02-21,P002,Sneakers,Footwear,Joburg_WH,81,33,159,Supplier_A,12,300,650,15,0,Delivered
2025-03-15,P002,Sneakers,Footwear,Joburg_WH,126,61,190,Supplier_D,13,300,650,34,0,Delayed
2025-03-05,P003,Backpack,Accessories,CapeTown_WH,81,78,236,Supplier_D,4,150,350,32,0,Pending
2025-01-14,P005,Jacket,Apparel,Durban_WH,226,77,252,Supplier_D,10,400,900,40,0,Delivered
2025-03-26,P006,Sandals,Footwear,CapeTown_WH,220,66,211,Supplier_B,9,120,300,49,0,Delivered
2025-02-24,P002,Sneakers,Footwear,Joburg_WH,228,64,291,Supplier_D,13,300,650,48,0,Pending
2025-02-20,P006,Sandals,Footwear,CapeTown_WH,90,57,108,Supplier_A,8,120,300,32,0,Delivered
2025-01-03,P004,Jeans,Apparel,Durban_WH,234,60,230,Supplier_D,12,200,500,25,0,Delivered
2025-01-12,P001,T-Shirt,Apparel,Joburg_WH,264,51,161,Supplier_B,12,50,120,46,0,Pending
2025-03-27,P005,Jacket,Apparel,Joburg_WH,288,40,153,Supplier_C,10,400,900,20,0,Pending
2025-03-01,P004,Jeans,Apparel,Durban_WH,123,69,286,Supplier_B,12,200,500,6,0,Pending
2025-03-15,P003,Backpack,Accessories,Joburg_WH,226,45,180,Supplier_A,4,150,350,30,0,Pending
2025-03-25,P005,Jacket,Apparel,Durban_WH,197,41,214,Supplier_A,9,400,900,30,0,Pending
2025-03-13,P003,Backpack,Accessories,Durban_WH,165,61,212,Supplier_C,11,150,350,42,0,Pending
2025-02-09,P006,Sandals,Footwear,CapeTown_WH,258,32,265,Supplier_D,3,120,300,7,0,Delayed
2025-01-08,P004,Jeans,Apparel,Durban_WH,192,61,255,Supplier_A,12,200,500,25,0,Delivered
2025-02-16,P003,Backpack,Accessories,Joburg_WH,129,42,254,Supplier_C,9,150,350,40,0,Delivered
2025-03-29,P003,Backpack,Accessories,Joburg_WH,297,39,280,Supplier_A,6,150,350,19,0,Delivered
2025-01-15,P006,Sandals,Footwear,Joburg_WH,298,35,183,Supplier_D,6,120,300,41,0,Delivered
2025-02-07,P003,Backpack,Accessories,Durban_WH,223,62,127,Supplier_D,3,150,350,12,0,Delivered
2025-02-02,P006,Sandals,Footwear,CapeTown_WH,184,51,169,Supplier_B,5,120,300,25,0,Pending
2025-01-15,P004,Jeans,Apparel,Durban_WH,98,34,159,Supplier_A,11,200,500,10,0,Delivered
2025-02-27,P006,Sandals,Footwear,Joburg_WH,75,75,286,Supplier_B,8,120,300,44,153,Pending
2025-03-23,P006,Sandals,Footwear,CapeTown_WH,277,37,174,Supplier_D,8,120,300,37,0,Delivered
2025-02-04,P002,Sneakers,Footwear,CapeTown_WH,275,67,275,Supplier_C,6,300,650,31,0,Pending
2025-02-13,P004,Jeans,Apparel,CapeTown_WH,159,72,288,Supplier_B,13,200,500,35,0,Delivered
2025-01-01,P006,Sandals,Footwear,CapeTown_WH,80,39,294,Supplier_B,13,120,300,49,0,Pending
2025-02-07,P006,Sandals,Footwear,Durban_WH,182,60,242,Supplier_A,3,120,300,20,0,Delayed
2025-02-28,P003,Backpack,Accessories,Joburg_WH,206,50,281,Supplier_D,7,150,350,15,0,Delivered
2025-03-02,P006,Sandals,Footwear,Durban_WH,105,67,258,Supplier_A,10,120,300,18,0,Delayed
2025-01-16,P005,Jacket,Apparel,CapeTown_WH,133,78,199,Supplier_D,9,400,900,36,0,Delivered
2025-03-20,P004,Jeans,Apparel,Joburg_WH,226,72,285,Supplier_B,5,200,500,39,0,Delivered
2025-03-22,P005,Jacket,Apparel,CapeTown_WH,227,34,184,Supplier_C,5,400,900,14,0,Delivered
2025-01-04,P005,Jacket,Apparel,Durban_WH,44,33,160,Supplier_D,5,400,900,33,0,Delivered
2025-03-09,P004,Jeans,Apparel,Durban_WH,190,31,173,Supplier_D,11,200,500,47,0,Pending
2025-03-24,P004,Jeans,Apparel,Joburg_WH,295,77,186,Supplier_B,13,200,500,28,0,Pending
2025-02-06,P001,T-Shirt,Apparel,CapeTown_WH,129,63,282,Supplier_C,7,50,120,32,0,Delivered
2025-02-10,P006,Sandals,Footwear,Durban_WH,210,34,150,Supplier_D,4,120,300,25,0,Delivered
2025-01-11,P005,Jacket,Apparel,Joburg_WH,265,78,269,Supplier_A,8,400,900,24,0,Delivered
2025-02-27,P004,Jeans,Apparel,CapeTown_WH,33,40,131,Supplier_C,13,200,500,15,195,Pending
2025-02-05,P002,Sneakers,Footwear,CapeTown_WH,74,47,219,Supplier_B,13,300,650,27,0,Delivered
2025-01-27,P003,Backpack,Accessories,Joburg_WH,296,73,232,Supplier_A,11,150,350,27,0,Delivered
2025-03-05,P004,Jeans,Apparel,Durban_WH,78,54,281,Supplier_C,8,200,500,14,0,Delivered
2025-01-25,P003,Backpack,Accessories,Durban_WH,83,36,103,Supplier_D,10,150,350,5,0,Pending
2025-01-11,P004,Jeans,Apparel,Joburg_WH,233,79,274,Supplier_D,4,200,500,21,0,Delivered
2025-01-26,P002,Sneakers,Footwear,Joburg_WH,131,62,218,Supplier_A,10,300,650,47,0,Delivered
2025-01-10,P003,Backpack,Accessories,Joburg_WH,137,49,265,Supplier_A,10,150,350,7,0,Delayed
2025-02-05,P005,Jacket,Apparel,Durban_WH,109,59,112,Supplier_D,4,400,900,17,0,Delivered
2025-02-04,P001,T-Shirt,Apparel,Joburg_WH,249,31,135,Supplier_C,13,50,120,30,0,Delayed
2025-03-13,P006,Sandals,Footwear,Joburg_WH,169,49,107,Supplier_A,10,120,300,33,0,Delivered
2025-01-09,P004,Jeans,Apparel,CapeTown_WH,228,49,215,Supplier_C,13,200,500,20,0,Pending
2025-02-25,P002,Sneakers,Footwear,Durban_WH,26,45,144,Supplier_A,11,300,650,31,137,Pending
2025-03-02,P006,Sandals,Footwear,Durban_WH,198,49,136,Supplier_D,3,120,300,46,0,Delivered
2025-03-21,P002,Sneakers,Footwear,CapeTown_WH,258,60,218,Supplier_C,7,300,650,12,0,Delivered
2025-03-05,P006,Sandals,Footwear,Durban_WH,241,75,119,Supplier_C,7,120,300,43,0,Pending
2025-03-30,P004,Jeans,Apparel,Joburg_WH,138,41,276,Supplier_A,12,200,500,21,0,Pending
2025-03-27,P003,Backpack,Accessories,Durban_WH,30,63,277,Supplier_C,12,150,350,11,157,Delivered
2025-02-25,P003,Backpack,Accessories,CapeTown_WH,270,49,149,Supplier_D,10,150,350,42,0,Delivered
2025-02-24,P003,Backpack,Accessories,Joburg_WH,71,44,183,Supplier_B,7,150,350,7,0,Delayed
2025-03-31,P002,Sneakers,Footwear,CapeTown_WH,145,69,171,Supplier_D,10,300,650,44,0,Delivered
2025-02-22,P001,T-Shirt,Apparel,Joburg_WH,129,37,192,Supplier_A,10,50,120,34,0,Delivered
2025-01-26,P004,Jeans,Apparel,CapeTown_WH,79,39,138,Supplier_B,3,200,500,32,0,Delivered
2025-02-11,P002,Sneakers,Footwear,Durban_WH,144,42,135,Supplier_B,12,300,650,41,0,Delivered
2025-02-20,P005,Jacket,Apparel,CapeTown_WH,105,33,181,Supplier_B,10,400,900,42,0,Delivered
2025-02-09,P002,Sneakers,Footwear,Durban_WH,297,31,130,Supplier_B,7,300,650,15,0,Pending
2025-03-16,P001,T-Shirt,Apparel,Durban_WH,211,67,109,Supplier_D,10,50,120,44,0,Delivered
2025-01-08,P004,Jeans,Apparel,Durban_WH,131,52,244,Supplier_D,9,200,500,5,0,Pending
2025-01-23,P005,Jacket,Apparel,CapeTown_WH,242,60,156,Supplier_B,7,400,900,46,0,Delivered
2025-01-04,P004,Jeans,Apparel,Durban_WH,203,63,108,Supplier_D,11,200,500,26,0,Delivered
2025-02-28,P005,Jacket,Apparel,Durban_WH,195,47,214,Supplier_A,10,400,900,16,0,Delivered
2025-03-24,P005,Jacket,Apparel,Joburg_WH,125,44,162,Supplier_B,3,400,900,43,0,Delivered
2025-01-03,P006,Sandals,Footwear,CapeTown_WH,51,38,139,Supplier_C,12,120,300,24,0,Delivered
2025-02-22,P005,Jacket,Apparel,Durban_WH,238,50,181,Supplier_A,11,400,900,17,0,Delivered
2025-03-16,P005,Jacket,Apparel,Durban_WH,57,48,287,Supplier_A,11,400,900,11,0,Pending
2025-03-29,P001,T-Shirt,Apparel,Durban_WH,246,77,117,Supplier_D,9,50,120,20,0,Delivered
2025-02-01,P002,Sneakers,Footwear,CapeTown_WH,215,54,161,Supplier_A,3,300,650,44,0,Pending
2025-02-13,P002,Sneakers,Footwear,Joburg_WH,248,35,176,Supplier_D,8,300,650,30,0,Delivered
2025-03-08,P002,Sneakers,Footwear,Durban_WH,151,68,171,Supplier_C,13,300,650,29,0,Pending
2025-01-16,P003,Backpack,Accessories,Joburg_WH,210,67,219,Supplier_D,7,150,350,32,0,Delivered
2025-03-03,P004,Jeans,Apparel,CapeTown_WH,241,32,255,Supplier_B,8,200,500,7,0,Delivered
2025-02-11,P003,Backpack,Accessories,Joburg_WH,245,45,249,Supplier_A,8,150,350,36,0,Delayed
2025-01-08,P001,T-Shirt,Apparel,CapeTown_WH,219,37,161,Supplier_C,5,50,120,10,0,Delivered
2025-03-02,P004,Jeans,Apparel,CapeTown_WH,275,41,276,Supplier_D,7,200,500,35,0,Delivered
2025-02-20,P001,T-Shirt,Apparel,Durban_WH,209,54,226,Supplier_C,7,50,120,45,0,Pending
2025-03-11,P001,T-Shirt,Apparel,CapeTown_WH,269,49,226,Supplier_D,6,50,120,26,0,Delayed
2025-01-30,P001,T-Shirt,Apparel,CapeTown_WH,32,74,226,Supplier_C,3,50,120,46,163,Delivered
2025-02-15,P006,Sandals,Footwear,Durban_WH,295,42,180,Supplier_B,3,120,300,40,0,Delivered
2025-03-02,P006,Sandals,Footwear,Joburg_WH,292,53,157,Supplier_B,4,120,300,12,0,Delivered
2025-03-26,P006,Sandals,Footwear,Joburg_WH,238,74,122,Supplier_D,10,120,300,12,0,Pending
2025-01-21,P003,Backpack,Accessories,CapeTown_WH,130,42,266,Supplier_D,3,150,350,41,0,Delivered
2025-02-04,P001,T-Shirt,Apparel,CapeTown_WH,175,54,288,Supplier_D,9,50,120,20,0,Delayed
2025-02-04,P006,Sandals,Footwear,Durban_WH,21,47,244,Supplier_A,4,120,300,34,152,Delivered
2025-01-25,P003,Backpack,Accessories,CapeTown_WH,240,75,193,Supplier_C,13,150,350,22,0,Delivered
2025-02-20,P002,Sneakers,Footwear,CapeTown_WH,113,50,211,Supplier_A,10,300,650,21,0,Delayed
2025-01-01,P001,T-Shirt,Apparel,CapeTown_WH,135,44,279,Supplier_A,7,50,120,14,0,Pending
2025-03-04,P006,Sandals,Footwear,CapeTown_WH,199,59,260,Supplier_C,8,120,300,13,0,Pending
2025-01-15,P003,Backpack,Accessories,Durban_WH,20,73,174,Supplier_C,3,150,350,38,58,Delivered
2025-03-09,P004,Jeans,Apparel,Joburg_WH,256,43,284,Supplier_A,10,200,500,12,0,Delivered
2025-03-25,P005,Jacket,Apparel,Durban_WH,174,41,164,Supplier_B,10,400,900,47,0,Delivered
2025-03-16,P005,Jacket,Apparel,Joburg_WH,61,40,202,Supplier_D,3,400,900,47,0,Pending
2025-03-24,P002,Sneakers,Footwear,CapeTown_WH,240,50,184,Supplier_B,9,300,650,44,0,Pending
2025-02-24,P002,Sneakers,Footwear,Joburg_WH,75,35,185,Supplier_B,7,300,650,42,0,Delivered
2025-02-02,P002,Sneakers,Footwear,CapeTown_WH,211,37,276,Supplier_D,5,300,650,39,0,Pending
2025-01-12,P001,T-Shirt,Apparel,Durban_WH,158,53,148,Supplier_A,5,50,120,25,0,Delivered
2025-03-03,P004,Jeans,Apparel,Durban_WH,82,69,182,Supplier_D,13,200,500,43,0,Pending
2025-03-17,P005,Jacket,Apparel,CapeTown_WH,292,35,246,Supplier_B,4,400,900,42,0,Delivered
2025-02-02,P001,T-Shirt,Apparel,Durban_WH,57,66,214,Supplier_A,6,50,120,8,92,Delivered
2025-01-10,P002,Sneakers,Footwear,CapeTown_WH,77,42,151,Supplier_A,3,300,650,36,0,Delivered
2025-03-03,P003,Backpack,Accessories,Durban_WH,124,65,287,Supplier_D,12,150,350,23,0,Delayed
2025-02-10,P004,Jeans,Apparel,CapeTown_WH,271,64,203,Supplier_A,3,200,500,32,0,Pending
2025-01-07,P003,Backpack,Accessories,Durban_WH,229,77,139,Supplier_D,10,150,350,37,0,Delivered
2025-01-03,P005,Jacket,Apparel,CapeTown_WH,227,79,231,Supplier_C,13,400,900,42,0,Delivered
2025-01-29,P003,Backpack,Accessories,Joburg_WH,156,76,243,Supplier_D,10,150,350,16,0,Delivered
2025-02-05,P005,Jacket,Apparel,CapeTown_WH,161,74,124,Supplier_D,5,400,900,38,0,Delivered
2025-01-29,P001,T-Shirt,Apparel,CapeTown_WH,269,53,217,Supplier_B,11,50,120,46,0,Delivered
2025-02-09,P006,Sandals,Footwear,CapeTown_WH,29,48,166,Supplier_B,5,120,300,28,54,Pending
